CoC Number,CoC Name,Overall Homeless,Sheltered Total Homeless,Unsheltered Homeless,Year,Overall Homeless Veterans,Overall Homeless - Under 18,Overall Homeless - Age 18 to 24,Overall Homeless - Over 24,Overall Homeless - Non-Hispanic/Non-Latino,Overall Homeless - Hispanic/Latino,Overall Homeless - White,"Overall Homeless - Black, African American, or African",Overall Homeless - Asian or Asian American,"Overall Homeless - American Indian, Alaska Native, or Indigenous",Overall Homeless - Native Hawaiian or Other Pacific Islander,Overall Homeless - Multiple Races
CA-500,San Jose/Santa Clara City & County CoC,7202,2101,5101,2007,,,,,,,,,,,,
CA-501,San Francisco CoC,5703,2912,2791,2007,,,,,,,,,,,,
CA-502,Oakland Berkeley/Alameda County CoC,4838,2342,2496,2007,,,,,,,,,,,,
CA-503,Sacramento City & County CoC,2452,1447,1005,2007,,,,,,,,,,,,
CA-504,Santa Rosa Petaluma/Sonoma County CoC,1314,782,532,2007,,,,,,,,,,,,
CA-505,Richmond/Contra Costa County CoC,4062,903,3159,2007,,,,,,,,,,,,
CA-506,Salinas/Monterey San Benito Counties CoC,1402,509,893,2007,,,,,,,,,,,,
CA-507,Marin County CoC,1002,602,400,2007,,,,,,,,,,,,
CA-508,Watsonville/Santa Cruz City & County CoC,2789,486,2303,2007,,,,,,,,,,,,
CA-509,Mendocino County CoC,1422,284,1138,2007,,,,,,,,,,,,
CA-510,Turlock Modesto/Stanislaus County CoC,1593,634,959,2007,,,,,,,,,,,,
CA-511,Stockton/San Joaquin County CoC,2479,2176,303,2007,,,,,,,,,,,,
CA-512,Daly/San Mateo County CoC,1798,704,1094,2007,,,,,,,,,,,,
CA-513,Visalia/Kings Tulare Counties CoC,1106,280,826,2007,,,,,,,,,,,,
CA-514,Fresno City & County/Madera County CoC,4247,2735,1512,2007,,,,,,,,,,,,
CA-515,Roseville Rocklin/Placer County CoC,587,450,137,2007,,,,,,,,,,,,
CA-516,Redding/Shasta Siskiyou Lassen Plumas Del Norte Modoc Sierra Counties CoC,296,250,46,2007,,,,,,,,,,,,
CA-517,Napa City & County CoC,365,219,146,2007,,,,,,,,,,,,
CA-518,Vallejo/Solano County CoC,1956,457,1499,2007,,,,,,,,,,,,
CA-519,Chico Paradise/Butte County CoC,1478,936,542,2007,,,,,,,,,,,,
CA-520,Merced City & County CoC,2641,221,2420,2007,,,,,,,,,,,,
CA-521,Davis Woodland/Yolo County CoC,414,228,186,2007,,,,,,,,,,,,
CA-522,Humboldt County CoC,907,322,585,2007,,,,,,,,,,,,
CA-523,Colusa Glenn Trinity Counties CoC,155,54,101,2007,,,,,,,,,,,,
CA-524,Yuba City & County/Sutter County CoC,362,299,63,2007,,,,,,,,,,,,
CA-525,El Dorado County CoC,107,91,16,2007,,,,,,,,,,,,
CA-526,Amador Calaveras Mariposa Tuolumne Counties CoC,400,79,321,2007,,,,,,,,,,,,
CA-600,Los Angeles City & County CoC,47862,11442,36420,2007,,,,,,,,,,,,
CA-601,San Diego City and County CoC,7326,3981,3345,2007,,,,,,,,,,,,
CA-602,Santa Ana Anaheim/Orange County CoC,3649,2578,1071,2007,,,,,,,,,,,,
CA-603,Santa Maria/Santa Barbara County CoC,4253,1480,2773,2007,,,,,,,,,,,,
CA-604,Bakersfield/Kern County CoC,1537,905,632,2007,,,,,,,,,,,,
CA-606,Long Beach CoC,3829,1679,2150,2007,,,,,,,,,,,,
CA-607,Pasadena CoC,969,434,535,2007,,,,,,,,,,,,
CA-608,Riverside City & County CoC,4508,1330,3178,2007,,,,,,,,,,,,
CA-609,San Bernardino City & County CoC,6969,1220,5749,2007,,,,,,,,,,,,
CA-611,Oxnard San Buenaventura/Ventura County CoC,1961,426,1535,2007,,,,,,,,,,,,
CA-612,Glendale CoC,296,233,63,2007,,,,,,,,,,,,
CA-613,Imperial County CoC,342,113,229,2007,,,,,,,,,,,,
CA-614,San Luis Obispo County CoC,2408,187,2221,2007,,,,,,,,,,,,
CA-500,San Jose/Santa Clara City & County CoC,7202,2101,5101,2008,,,,,,,,,,,,
CA-501,San Francisco CoC,5171,2400,2771,2008,,,,,,,,,,,,
CA-502,Oakland Berkeley/Alameda County CoC,4838,2342,2496,2008,,,,,,,,,,,,
CA-503,Sacramento City & County CoC,2615,1349,1266,2008,,,,,,,,,,,,
CA-504,Santa Rosa Petaluma/Sonoma County CoC,1314,782,532,2008,,,,,,,,,,,,
CA-505,Richmond/Contra Costa County CoC,4062,903,3159,2008,,,,,,,,,,,,
CA-506,Salinas/Monterey San Benito Counties CoC,1402,509,893,2008,,,,,,,,,,,,
CA-507,Marin County CoC,1002,602,400,2008,,,,,,,,,,,,
CA-508,Watsonville/Santa Cruz City & County CoC,2789,486,2303,2008,,,,,,,,,,,,
CA-509,Mendocino County CoC,1423,285,1138,2008,,,,,,,,,,,,
CA-510,Turlock Modesto/Stanislaus County CoC,1593,634,959,2008,,,,,,,,,,,,
CA-511,Stockton/San Joaquin County CoC,2354,2051,303,2008,,,,,,,,,,,,
CA-512,Daly/San Mateo County CoC,1798,704,1094,2008,,,,,,,,,,,,
CA-513,Visalia/Kings Tulare Counties CoC,1040,189,851,2008,,,,,,,,,,,,
CA-514,Fresno City & County/Madera County CoC,3507,1951,1556,2008,,,,,,,,,,,,
CA-515,Roseville Rocklin/Placer County CoC,587,450,137,2008,,,,,,,,,,,,
CA-516,Redding/Shasta Siskiyou Lassen Plumas Del Norte Modoc Sierra Counties CoC,263,201,62,2008,,,,,,,,,,,,
CA-517,Napa City & County CoC,365,219,146,2008,,,,,,,,,,,,
CA-518,Vallejo/Solano County CoC,1956,457,1499,2008,,,,,,,,,,,,
CA-519,Chico Paradise/Butte County CoC,592,322,270,2008,,,,,,,,,,,,
CA-520,Merced City & County CoC,2455,135,2320,2008,,,,,,,,,,,,
CA-521,Davis Woodland/Yolo County CoC,414,228,186,2008,,,,,,,,,,,,
CA-522,Humboldt County CoC,907,322,585,2008,,,,,,,,,,,,
CA-523,Colusa Glenn Trinity Counties CoC,193,0,193,2008,,,,,,,,,,,,
CA-524,Yuba City & County/Sutter County CoC,594,483,111,2008,,,,,,,,,,,,
CA-525,El Dorado County CoC,150,75,75,2008,,,,,,,,,,,,
CA-526,Amador Calaveras Mariposa Tuolumne Counties CoC,400,79,321,2008,,,,,,,,,,,,
CA-600,Los Angeles City & County CoC,47862,11442,36420,2008,,,,,,,,,,,,
CA-601,San Diego City and County CoC,8455,4417,4038,2008,,,,,,,,,,,,
CA-602,Santa Ana Anaheim/Orange County CoC,3649,2578,1071,2008,,,,,,,,,,,,
CA-603,Santa Maria/Santa Barbara County CoC,4253,1480,2773,2008,,,,,,,,,,,,
CA-604,Bakersfield/Kern County CoC,1537,905,632,2008,,,,,,,,,,,,
CA-606,Long Beach CoC,3829,1679,2150,2008,,,,,,,,,,,,
CA-607,Pasadena CoC,983,434,549,2008,,,,,,,,,,,,
CA-608,Riverside City & County CoC,4508,1330,3178,2008,,,,,,,,,,,,
CA-609,San Bernardino City & County CoC,6969,1220,5749,2008,,,,,,,,,,,,
CA-611,Oxnard San Buenaventura/Ventura County CoC,1961,551,1410,2008,,,,,,,,,,,,
CA-612,Glendale CoC,296,233,63,2008,,,,,,,,,,,,
CA-613,Imperial County CoC,393,156,237,2008,,,,,,,,,,,,
CA-614,San Luis Obispo County CoC,850,281,569,2008,,,,,,,,,,,,
CA-500,San Jose/Santa Clara City & County CoC,7086,2103,4983,2009,,,,,,,,,,,,
CA-501,San Francisco CoC,5823,2881,2942,2009,,,,,,,,,,,,
CA-502,Oakland Berkeley/Alameda County CoC,4341,2378,1963,2009,,,,,,,,,,,,
CA-503,Sacramento City & County CoC,2800,1606,1194,2009,,,,,,,,,,,,
CA-504,Santa Rosa Petaluma/Sonoma County CoC,3247,1025,2222,2009,,,,,,,,,,,,
CA-505,Richmond/Contra Costa County CoC,2759,887,1872,2009,,,,,,,,,,,,
CA-506,Salinas/Monterey San Benito Counties CoC,2407,779,1628,2009,,,,,,,,,,,,
CA-507,Marin County CoC,1026,597,429,2009,,,,,,,,,,,,
CA-508,Watsonville/Santa Cruz City & County CoC,2265,729,1536,2009,,,,,,,,,,,,
CA-509,Mendocino County CoC,1202,235,967,2009,,,,,,,,,,,,
CA-510,Turlock Modesto/Stanislaus County CoC,1800,801,999,2009,,,,,,,,,,,,
CA-511,Stockton/San Joaquin County CoC,3005,2840,165,2009,,,,,,,,,,,,
CA-512,Daly/San Mateo County CoC,1567,764,803,2009,,,,,,,,,,,,
CA-513,Visalia/Kings Tulare Counties CoC,966,210,756,2009,,,,,,,,,,,,
CA-514,Fresno City & County/Madera County CoC,4345,1888,2457,2009,,,,,,,,,,,,
CA-515,Roseville Rocklin/Placer County CoC,1054,572,482,2009,,,,,,,,,,,,
CA-516,Redding/Shasta Siskiyou Lassen Plumas Del Norte Modoc Sierra Counties CoC,340,194,146,2009,,,,,,,,,,,,
CA-517,Napa City & County CoC,314,186,128,2009,,,,,,,,,,,,
CA-518,Vallejo/Solano County CoC,829,403,426,2009,,,,,,,,,,,,
CA-519,Chico Paradise/Butte County CoC,689,303,386,2009,,,,,,,,,,,,
CA-520,Merced City & County CoC,372,148,224,2009,,,,,,,,,,,,
CA-521,Davis Woodland/Yolo County CoC,491,202,289,2009,,,,,,,,,,,,
CA-522,Humboldt County CoC,1355,355,1000,2009,,,,,,,,,,,,
CA-523,Colusa Glenn Trinity Counties CoC,197,74,123,2009,,,,,,,,,,,,
CA-524,Yuba City & County/Sutter County CoC,411,303,108,2009,,,,,,,,,,,,
CA-525,El Dorado County CoC,146,63,83,2009,,,,,,,,,,,,
CA-526,Amador Calaveras Mariposa Tuolumne Counties CoC,372,150,222,2009,,,,,,,,,,,,
CA-600,Los Angeles City & County CoC,33243,14050,19193,2009,,,,,,,,,,,,
CA-601,San Diego City and County CoC,7995,3981,4014,2009,,,,,,,,,,,,
CA-602,Santa Ana Anaheim/Orange County CoC,8333,2609,5724,2009,,,,,,,,,,,,
CA-603,Santa Maria/Santa Barbara County CoC,4121,1148,2973,2009,,,,,,,,,,,,
CA-604,Bakersfield/Kern County CoC,1499,667,832,2009,,,,,,,,,,,,
CA-606,Long Beach CoC,3909,2154,1755,2009,,,,,,,,,,,,
CA-607,Pasadena CoC,1144,403,741,2009,,,,,,,,,,,,
CA-608,Riverside City & County CoC,3366,1323,2043,2009,,,,,,,,,,,,
CA-609,San Bernardino City & County CoC,2026,768,1258,2009,,,,,,,,,,,,
CA-611,Oxnard San Buenaventura/Ventura County CoC,2193,461,1732,2009,,,,,,,,,,,,
CA-612,Glendale CoC,306,138,168,2009,,,,,,,,,,,,
CA-613,Imperial County CoC,505,157,348,2009,,,,,,,,,,,,
CA-614,San Luis Obispo County CoC,3829,242,3587,2009,,,,,,,,,,,,
CA-500,San Jose/Santa Clara City & County CoC,7086,2103,4983,2010,,,,,,,,,,,,
CA-501,San Francisco CoC,5823,2881,2942,2010,,,,,,,,,,,,
CA-502,Oakland Berkeley/Alameda County CoC,4341,2378,1963,2010,,,,,,,,,,,,
CA-503,Sacramento City & County CoC,2734,1540,1194,2010,,,,,,,,,,,,
CA-504,Santa Rosa Petaluma/Sonoma County CoC,3345,1123,2222,2010,,,,,,,,,,,,
CA-505,Richmond/Contra Costa County CoC,2759,887,1872,2010,,,,,,,,,,,,
CA-506,Salinas/Monterey San Benito Counties CoC,2407,779,1628,2010,,,,,,,,,,,,
CA-507,Marin County CoC,1026,597,429,2010,,,,,,,,,,,,
CA-508,Watsonville/Santa Cruz City & County CoC,2265,729,1536,2010,,,,,,,,,,,,
CA-509,Mendocino County CoC,1202,235,967,2010,,,,,,,,,,,,
CA-510,Turlock Modesto/Stanislaus County CoC,1800,801,999,2010,,,,,,,,,,,,
CA-511,Stockton/San Joaquin County CoC,3005,2840,165,2010,,,,,,,,,,,,
CA-512,Daly/San Mateo County CoC,1424,621,803,2010,,,,,,,,,,,,
CA-513,Visalia/Kings Tulare Counties CoC,966,406,560,2010,,,,,,,,,,,,
CA-514,Fresno City & County/Madera County CoC,4288,1831,2457,2010,,,,,,,,,,,,
CA-515,Roseville Rocklin/Placer County CoC,1054,572,482,2010,,,,,,,,,,,,
CA-516,Redding/Shasta Siskiyou Lassen Plumas Del Norte Modoc Sierra Counties CoC,336,215,121,2010,,,,,,,,,,,,
CA-517,Napa City & County CoC,314,186,128,2010,,,,,,,,,,,,
CA-518,Vallejo/Solano County CoC,829,403,426,2010,,,,,,,,,,,,
CA-519,Chico Paradise/Butte County CoC,742,347,395,2010,,,,,,,,,,,,
CA-520,Merced City & County CoC,372,148,224,2010,,,,,,,,,,,,
CA-521,Davis Woodland/Yolo County CoC,491,202,289,2010,,,,,,,,,,,,
CA-522,Humboldt County CoC,1355,355,1000,2010,,,,,,,,,,,,
CA-523,Colusa Glenn Trinity Counties CoC,197,74,123,2010,,,,,,,,,,,,
CA-524,Yuba City & County/Sutter County CoC,512,387,125,2010,,,,,,,,,,,,
CA-525,El Dorado County CoC,146,63,83,2010,,,,,,,,,,,,
CA-526,Amador Calaveras Mariposa Tuolumne Counties CoC,289,67,222,2010,,,,,,,,,,,,
CA-528,Del Norte County CoC,18,18,0,2010,,,,,,,,,,,,
CA-600,Los Angeles City & County CoC,33243,14050,19193,2010,,,,,,,,,,,,
CA-601,San Diego City and County CoC,8383,3918,4465,2010,,,,,,,,,,,,
CA-602,Santa Ana Anaheim/Orange County CoC,8333,2609,5724,2010,,,,,,,,,,,,
CA-603,Santa Maria/Santa Barbara County CoC,4121,1148,2973,2010,,,,,,,,,,,,
CA-604,Bakersfield/Kern County CoC,1499,667,832,2010,,,,,,,,,,,,
CA-606,Long Beach CoC,3909,2154,1755,2010,,,,,,,,,,,,
CA-607,Pasadena CoC,1137,491,646,2010,,,,,,,,,,,,
CA-608,Riverside City & County CoC,3126,1083,2043,2010,,,,,,,,,,,,
CA-609,San Bernardino City & County CoC,2026,768,1258,2010,,,,,,,,,,,,
CA-611,Oxnard San Buenaventura/Ventura County CoC,1815,524,1291,2010,,,,,,,,,,,,
CA-612,Glendale CoC,428,300,128,2010,,,,,,,,,,,,
CA-613,Imperial County CoC,505,157,348,2010,,,,,,,,,,,,
CA-614,San Luis Obispo County CoC,3829,242,3587,2010,,,,,,,,,,,,
CA-500,San Jose/Santa Clara City & County CoC,7067,1898,5169,2011,667.0,,,,,,,,,,,
CA-501,San Francisco CoC,5669,2298,3371,2011,919.0,,,,,,,,,,,
CA-502,Oakland Berkeley/Alameda County CoC,4178,1966,2212,2011,488.0,,,,,,,,,,,
CA-503,Sacramento City & County CoC,2376,1421,955,2011,297.0,,,,,,,,,,,
CA-504,Santa Rosa Petaluma/Sonoma County CoC,4541,1175,3366,2011,404.0,,,,,,,,,,,
CA-505,Richmond/Contra Costa County CoC,2415,925,1490,2011,77.0,,,,,,,,,,,
CA-506,Salinas/Monterey San Benito Counties CoC,2699,788,1911,2011,296.0,,,,,,,,,,,
CA-507,Marin County CoC,862,509,353,2011,68.0,,,,,,,,,,,
CA-508,Watsonville/Santa Cruz City & County CoC,2771,646,2125,2011,276.0,,,,,,,,,,,
CA-509,Mendocino County CoC,1456,142,1314,2011,92.0,,,,,,,,,,,
CA-510,Turlock Modesto/Stanislaus County CoC,1434,643,791,2011,73.0,,,,,,,,,,,
CA-511,Stockton/San Joaquin County CoC,2540,2293,247,2011,112.0,,,,,,,,,,,
CA-512,Daly/San Mateo County CoC,1926,764,1162,2011,324.0,,,,,,,,,,,
CA-513,Visalia/Kings Tulare Counties CoC,804,457,347,2011,36.0,,,,,,,,,,,
CA-514,Fresno City & County/Madera County CoC,5135,1313,3822,2011,619.0,,,,,,,,,,,
CA-515,Roseville Rocklin/Placer County CoC,821,466,355,2011,74.0,,,,,,,,,,,
CA-516,Redding/Shasta Siskiyou Lassen Plumas Del Norte Modoc Sierra Counties CoC,527,356,171,2011,46.0,,,,,,,,,,,
CA-517,Napa City & County CoC,230,138,92,2011,18.0,,,,,,,,,,,
CA-518,Vallejo/Solano County CoC,569,334,235,2011,41.0,,,,,,,,,,,
CA-519,Chico Paradise/Butte County CoC,897,357,540,2011,117.0,,,,,,,,,,,
CA-520,Merced City & County CoC,486,187,299,2011,43.0,,,,,,,,,,,
CA-521,Davis Woodland/Yolo County CoC,468,205,263,2011,50.0,,,,,,,,,,,
CA-522,Humboldt County CoC,861,407,454,2011,99.0,,,,,,,,,,,
CA-523,Colusa Glenn Trinity Counties CoC,322,183,139,2011,28.0,,,,,,,,,,,
CA-524,Yuba City & County/Sutter County CoC,649,355,294,2011,26.0,,,,,,,,,,,
CA-525,El Dorado County CoC,170,133,37,2011,2.0,,,,,,,,,,,
CA-526,Amador Calaveras Mariposa Tuolumne Counties CoC,406,137,269,2011,25.0,,,,,,,,,,,
CA-528,Del Norte County CoC,448,27,421,2011,10.0,,,,,,,,,,,
CA-600,Los Angeles City & County CoC,34622,16882,17740,2011,6281.0,,,,,,,,,,,
CA-601,San Diego City and County CoC,9436,3980,5456,2011,1649.0,,,,,,,,,,,
CA-602,Santa Ana Anaheim/Orange County CoC,6939,2667,4272,2011,856.0,,,,,,,,,,,
CA-603,Santa Maria/Santa Barbara County CoC,1698,830,868,2011,158.0,,,,,,,,,,,
CA-604,Bakersfield/Kern County CoC,1439,606,833,2011,173.0,,,,,,,,,,,
CA-606,Long Beach CoC,3164,961,2203,2011,658.0,,,,,,,,,,,
CA-607,Pasadena CoC,1216,453,763,2011,89.0,,,,,,,,,,,
CA-608,Riverside City & County CoC,6203,1113,5090,2011,890.0,,,,,,,,,,,
CA-609,San Bernardino City & County CoC,2825,1133,1692,2011,246.0,,,,,,,,,,,
CA-611,Oxnard San Buenaventura/Ventura County CoC,1810,830,980,2011,140.0,,,,,,,,,,,
CA-612,Glendale CoC,412,291,121,2011,39.0,,,,,,,,,,,
CA-613,Imperial County CoC,508,194,314,2011,6.0,,,,,,,,,,,
CA-614,San Luis Obispo County CoC,2129,228,1901,2011,271.0,,,,,,,,,,,
CA-500,San Jose/Santa Clara City & County CoC,7053,1884,5169,2012,667.0,,,,,,,,,,,
CA-501,San Francisco CoC,5895,2524,3371,2012,774.0,,,,,,,,,,,
CA-502,Oakland Berkeley/Alameda County CoC,4257,2045,2212,2012,440.0,,,,,,,,,,,
CA-503,Sacramento City & County CoC,2812,1857,955,2012,329.0,,,,,,,,,,,
CA-504,Santa Rosa Petaluma/Sonoma County CoC,4483,1117,3366,2012,384.0,,,,,,,,,,,
CA-505,Richmond/Contra Costa County CoC,2386,896,1490,2012,82.0,,,,,,,,,,,
CA-506,Salinas/Monterey San Benito Counties CoC,2673,762,1911,2012,290.0,,,,,,,,,,,
CA-507,Marin County CoC,725,496,229,2012,51.0,,,,,,,,,,,
CA-508,Watsonville/Santa Cruz City & County CoC,2735,610,2125,2012,271.0,,,,,,,,,,,
CA-509,Mendocino County CoC,1441,127,1314,2012,84.0,,,,,,,,,,,
CA-510,Turlock Modesto/Stanislaus County CoC,1470,679,791,2012,49.0,,,,,,,,,,,
CA-511,Stockton/San Joaquin County CoC,1569,1322,247,2012,80.0,,,,,,,,,,,
CA-512,Daly/San Mateo County CoC,1845,683,1162,2012,173.0,,,,,,,,,,,
CA-513,Visalia/Kings Tulare Counties CoC,771,416,355,2012,40.0,,,,,,,,,,,
CA-514,Fresno City & County/Madera County CoC,4492,670,3822,2012,606.0,,,,,,,,,,,
CA-515,Roseville Rocklin/Placer County CoC,742,387,355,2012,59.0,,,,,,,,,,,
CA-516,Redding/Shasta Siskiyou Lassen Plumas Del Norte Modoc Sierra Counties CoC,524,342,182,2012,67.0,,,,,,,,,,,
CA-517,Napa City & County CoC,248,156,92,2012,14.0,,,,,,,,,,,
CA-518,Vallejo/Solano County CoC,622,387,235,2012,28.0,,,,,,,,,,,
CA-519,Chico Paradise/Butte County CoC,897,357,540,2012,102.0,,,,,,,,,,,
CA-520,Merced City & County CoC,502,164,338,2012,52.0,,,,,,,,,,,
CA-521,Davis Woodland/Yolo County CoC,513,250,263,2012,45.0,,,,,,,,,,,
CA-522,Humboldt County CoC,846,392,454,2012,141.0,,,,,,,,,,,
CA-523,Colusa Glenn Trinity Counties CoC,303,164,139,2012,32.0,,,,,,,,,,,
CA-524,Yuba City & County/Sutter County CoC,492,272,220,2012,23.0,,,,,,,,,,,
CA-525,El Dorado County CoC,217,180,37,2012,10.0,,,,,,,,,,,
CA-526,Amador Calaveras Mariposa Tuolumne Counties CoC,379,110,269,2012,24.0,,,,,,,,,,,
CA-528,Del Norte County CoC,437,16,421,2012,10.0,,,,,,,,,,,
CA-600,Los Angeles City & County CoC,31553,13813,17740,2012,4521.0,,,,,,,,,,,
CA-601,San Diego City and County CoC,10013,4371,5642,2012,1753.0,,,,,,,,,,,
CA-602,Santa Ana Anaheim/Orange County CoC,7010,2738,4272,2012,869.0,,,,,,,,,,,
CA-603,Santa Maria/Santa Barbara County CoC,1546,678,868,2012,173.0,,,,,,,,,,,
CA-604,Bakersfield/Kern County CoC,1352,519,833,2012,172.0,,,,,,,,,,,
CA-606,Long Beach CoC,3170,967,2203,2012,629.0,,,,,,,,,,,
CA-607,Pasadena CoC,904,467,437,2012,52.0,,,,,,,,,,,
CA-608,Riverside City & County CoC,6096,1006,5090,2012,912.0,,,,,,,,,,,
CA-609,San Bernardino City & County CoC,2532,840,1692,2012,224.0,,,,,,,,,,,
CA-611,Oxnard San Buenaventura/Ventura County CoC,1926,683,1243,2012,134.0,,,,,,,,,,,
CA-612,Glendale CoC,299,179,120,2012,14.0,,,,,,,,,,,
CA-613,Imperial County CoC,239,136,103,2012,6.0,,,,,,,,,,,
CA-614,San Luis Obispo County CoC,2129,228,1901,2012,225.0,,,,,,,,,,,
CA-500,San Jose/Santa Clara City & County CoC,7631,1957,5674,2013,718.0,,,,,,,,,,,
CA-501,San Francisco CoC,7008,2693,4315,2013,716.0,,,,,,,,,,,
CA-502,Oakland Berkeley/Alameda County CoC,4264,1927,2337,2013,492.0,,,,,,,,,,,
CA-503,Sacramento City & County CoC,2538,1752,786,2013,302.0,,,,,,,,,,,
CA-504,Santa Rosa Petaluma/Sonoma County CoC,4280,971,3309,2013,400.0,,,,,,,,,,,
CA-505,Richmond/Contra Costa County CoC,2000,671,1329,2013,188.0,,,,,,,,,,,
CA-506,Salinas/Monterey San Benito Counties CoC,2955,749,2206,2013,250.0,,,,,,,,,,,
CA-507,Marin County CoC,676,505,171,2013,54.0,,,,,,,,,,,
CA-508,Watsonville/Santa Cruz City & County CoC,3536,641,2895,2013,395.0,,,,,,,,,,,
CA-509,Mendocino County CoC,1392,174,1218,2013,55.0,,,,,,,,,,,
CA-510,Turlock Modesto/Stanislaus County CoC,1201,556,645,2013,87.0,,,,,,,,,,,
CA-511,Stockton/San Joaquin County CoC,1541,1278,263,2013,83.0,,,,,,,,,,,
CA-512,Daly/San Mateo County CoC,1995,696,1299,2013,245.0,,,,,,,,,,,
CA-513,Visalia/Kings Tulare Counties CoC,705,409,296,2013,43.0,,,,,,,,,,,
CA-514,Fresno City & County/Madera County CoC,3131,594,2537,2013,338.0,,,,,,,,,,,
CA-515,Roseville Rocklin/Placer County CoC,908,385,523,2013,92.0,,,,,,,,,,,
CA-516,Redding/Shasta Siskiyou Lassen Plumas Del Norte Modoc Sierra Counties CoC,851,504,347,2013,203.0,,,,,,,,,,,
CA-517,Napa City & County CoC,245,177,68,2013,19.0,,,,,,,,,,,
CA-518,Vallejo/Solano County CoC,1329,440,889,2013,88.0,,,,,,,,,,,
CA-519,Chico Paradise/Butte County CoC,712,289,423,2013,101.0,,,,,,,,,,,
CA-520,Merced City & County CoC,372,117,255,2013,26.0,,,,,,,,,,,
CA-521,Davis Woodland/Yolo County CoC,474,276,198,2013,44.0,,,,,,,,,,,
CA-522,Humboldt County CoC,864,180,684,2013,129.0,,,,,,,,,,,
CA-523,Colusa Glenn Trinity Counties CoC,696,272,424,2013,67.0,,,,,,,,,,,
CA-524,Yuba City & County/Sutter County CoC,1485,1106,379,2013,32.0,,,,,,,,,,,
CA-525,El Dorado County CoC,180,131,49,2013,6.0,,,,,,,,,,,
CA-526,Amador Calaveras Mariposa Tuolumne Counties CoC,376,136,240,2013,37.0,,,,,,,,,,,
CA-600,Los Angeles City & County CoC,35524,12934,22590,2013,4007.0,,,,,,,,,,,
CA-601,San Diego City and County CoC,8879,4305,4574,2013,1486.0,,,,,,,,,,,
CA-602,Santa Ana Anaheim/Orange County CoC,4251,2573,1678,2013,446.0,,,,,,,,,,,
CA-603,Santa Maria/Santa Barbara County CoC,1882,904,978,2013,124.0,,,,,,,,,,,
CA-604,Bakersfield/Kern County CoC,1152,547,605,2013,135.0,,,,,,,,,,,
CA-606,Long Beach CoC,2847,968,1879,2013,527.0,,,,,,,,,,,
CA-607,Pasadena CoC,772,379,393,2013,61.0,,,,,,,,,,,
CA-608,Riverside City & County CoC,2978,1090,1888,2013,285.0,,,,,,,,,,,
CA-609,San Bernardino City & County CoC,2321,1074,1247,2013,184.0,,,,,,,,,,,
CA-611,Oxnard San Buenaventura/Ventura County CoC,1674,600,1074,2013,140.0,,,,,,,,,,,
CA-612,Glendale CoC,318,211,107,2013,23.0,,,,,,,,,,,
CA-613,Imperial County CoC,252,148,104,2013,7.0,,,,,,,,,,,
CA-614,San Luis Obispo County CoC,2357,235,2122,2013,260.0,,,,,,,,,,,
CA-500,San Jose/Santa Clara City & County CoC,7567,1893,5674,2014,813.0,710.0,1037.0,5820.0,,,,,,,,
CA-501,San Francisco CoC,6408,2093,4315,2014,720.0,475.0,1724.0,4209.0,,,,,,,,
CA-502,Oakland Berkeley/Alameda County CoC,4272,1935,2337,2014,538.0,632.0,492.0,3148.0,,,,,,,,
CA-503,Sacramento City & County CoC,2449,1663,786,2014,277.0,477.0,206.0,1766.0,,,,,,,,
CA-504,Santa Rosa Petaluma/Sonoma County CoC,4266,957,3309,2014,421.0,445.0,873.0,2948.0,,,,,,,,
CA-505,Richmond/Contra Costa County CoC,2009,680,1329,2014,176.0,222.0,141.0,1646.0,,,,,,,,
CA-506,Salinas/Monterey San Benito Counties CoC,2962,756,2206,2014,238.0,376.0,445.0,2141.0,,,,,,,,
CA-507,Marin County CoC,679,501,178,2014,52.0,129.0,39.0,511.0,,,,,,,,
CA-508,Watsonville/Santa Cruz City & County CoC,3529,634,2895,2014,393.0,421.0,882.0,2226.0,,,,,,,,
CA-509,Mendocino County CoC,1404,186,1218,2014,46.0,70.0,116.0,1218.0,,,,,,,,
CA-510,Turlock Modesto/Stanislaus County CoC,1156,713,443,2014,69.0,179.0,125.0,852.0,,,,,,,,
CA-511,Stockton/San Joaquin County CoC,1588,1325,263,2014,87.0,530.0,98.0,960.0,,,,,,,,
CA-512,Daly/San Mateo County CoC,2024,725,1299,2014,225.0,342.0,135.0,1547.0,,,,,,,,
CA-513,Visalia/Kings Tulare Counties CoC,763,386,377,2014,36.0,92.0,83.0,588.0,,,,,,,,
CA-514,Fresno City & County/Madera County CoC,2592,709,1883,2014,272.0,247.0,390.0,1955.0,,,,,,,,
CA-515,Roseville Rocklin/Placer County CoC,762,239,523,2014,73.0,83.0,60.0,619.0,,,,,,,,
CA-516,Redding/Shasta Siskiyou Lassen Plumas Del Norte Modoc Sierra Counties CoC,630,548,82,2014,62.0,98.0,158.0,374.0,,,,,,,,
CA-517,Napa City & County CoC,285,194,91,2014,23.0,47.0,24.0,214.0,,,,,,,,
CA-518,Vallejo/Solano County CoC,1295,406,889,2014,80.0,100.0,211.0,984.0,,,,,,,,
CA-519,Chico Paradise/Butte County CoC,696,273,423,2014,95.0,73.0,71.0,552.0,,,,,,,,
CA-520,Merced City & County CoC,768,159,609,2014,84.0,21.0,54.0,693.0,,,,,,,,
CA-521,Davis Woodland/Yolo County CoC,442,244,198,2014,31.0,85.0,32.0,325.0,,,,,,,,
CA-522,Humboldt County CoC,932,248,684,2014,123.0,152.0,190.0,590.0,,,,,,,,
CA-523,Colusa Glenn Trinity Counties CoC,567,143,424,2014,49.0,89.0,55.0,423.0,,,,,,,,
CA-524,Yuba City & County/Sutter County CoC,726,347,379,2014,75.0,371.0,41.0,314.0,,,,,,,,
CA-525,El Dorado County CoC,195,146,49,2014,3.0,17.0,18.0,160.0,,,,,,,,
CA-526,Amador Calaveras Mariposa Tuolumne Counties CoC,382,142,240,2014,46.0,72.0,34.0,276.0,,,,,,,,
CA-600,Los Angeles City & County CoC,34393,11803,22590,2014,3739.0,4308.0,4017.0,26068.0,,,,,,,,
CA-601,San Diego City and County CoC,8506,4521,3985,2014,1307.0,1215.0,579.0,6712.0,,,,,,,,
CA-602,Santa Ana Anaheim/Orange County CoC,3833,2155,1678,2014,398.0,787.0,340.0,2706.0,,,,,,,,
CA-603,Santa Maria/Santa Barbara County CoC,1832,854,978,2014,134.0,245.0,113.0,1474.0,,,,,,,,
CA-604,Bakersfield/Kern County CoC,992,577,415,2014,87.0,178.0,87.0,727.0,,,,,,,,
CA-606,Long Beach CoC,2738,859,1879,2014,439.0,298.0,131.0,2309.0,,,,,,,,
CA-607,Pasadena CoC,666,265,401,2014,41.0,84.0,32.0,550.0,,,,,,,,
CA-608,Riverside City & County CoC,2945,1057,1888,2014,296.0,345.0,211.0,2389.0,,,,,,,,
CA-609,San Bernardino City & County CoC,2315,1068,1247,2014,167.0,409.0,288.0,1618.0,,,,,,,,
CA-611,Oxnard San Buenaventura/Ventura County CoC,1428,518,910,2014,102.0,234.0,86.0,1108.0,,,,,,,,
CA-612,Glendale CoC,292,185,107,2014,19.0,54.0,8.0,230.0,,,,,,,,
CA-613,Imperial County CoC,298,164,134,2014,7.0,77.0,8.0,213.0,,,,,,,,
CA-614,San Luis Obispo County CoC,2366,244,2122,2014,253.0,268.0,219.0,1879.0,,,,,,,,
CA-500,San Jose/Santa Clara City & County CoC,6556,1929,4627,2015,703.0,587.0,897.0,5072.0,3907.0,2649.0,2889.0,1172.0,176.0,451.0,84.0,1784.0
CA-501,San Francisco CoC,6775,2417,4358,2015,557.0,444.0,1389.0,4942.0,5525.0,1250.0,2639.0,2232.0,189.0,273.0,133.0,1309.0
CA-502,Oakland Berkeley/Alameda County CoC,4040,1643,2397,2015,388.0,541.0,414.0,3085.0,3280.0,760.0,1279.0,2143.0,106.0,104.0,43.0,365.0
CA-503,Sacramento City & County CoC,2659,1711,948,2015,313.0,452.0,303.0,1904.0,2208.0,451.0,1485.0,921.0,22.0,56.0,34.0,141.0
CA-504,Santa Rosa Petaluma/Sonoma County CoC,3097,1037,2060,2015,215.0,263.0,647.0,2187.0,2498.0,599.0,2048.0,199.0,42.0,227.0,68.0,513.0
CA-505,Richmond/Contra Costa County CoC,2031,704,1327,2015,122.0,249.0,173.0,1609.0,1604.0,427.0,1042.0,659.0,37.0,148.0,24.0,121.0
CA-506,Salinas/Monterey San Benito Counties CoC,2959,852,2107,2015,176.0,322.0,310.0,2327.0,1883.0,1076.0,1643.0,374.0,42.0,52.0,42.0,806.0
CA-507,Marin County CoC,1318,483,835,2015,66.0,144.0,377.0,797.0,1091.0,227.0,795.0,256.0,20.0,65.0,9.0,173.0
CA-508,Watsonville/Santa Cruz City & County CoC,1964,610,1354,2015,151.0,297.0,274.0,1393.0,1219.0,745.0,1253.0,115.0,48.0,142.0,24.0,382.0
CA-509,Mendocino County CoC,947,152,795,2015,39.0,63.0,102.0,782.0,820.0,127.0,718.0,12.0,1.0,103.0,14.0,99.0
CA-510,Turlock Modesto/Stanislaus County CoC,1408,725,683,2015,102.0,177.0,95.0,1136.0,993.0,415.0,1175.0,116.0,16.0,73.0,25.0,3.0
CA-511,Stockton/San Joaquin County CoC,1708,1173,535,2015,144.0,472.0,69.0,1167.0,1174.0,534.0,1112.0,404.0,36.0,32.0,31.0,93.0
CA-512,Daly/San Mateo County CoC,1483,708,775,2015,183.0,305.0,78.0,1100.0,1007.0,476.0,786.0,308.0,53.0,160.0,138.0,38.0
CA-513,Visalia/Kings Tulare Counties CoC,862,417,445,2015,51.0,85.0,79.0,698.0,485.0,377.0,731.0,65.0,2.0,33.0,7.0,24.0
CA-514,Fresno City & County/Madera County CoC,1722,539,1183,2015,227.0,193.0,188.0,1341.0,1038.0,684.0,1256.0,228.0,27.0,110.0,14.0,87.0
CA-515,Roseville Rocklin/Placer County CoC,796,297,499,2015,64.0,120.0,65.0,611.0,736.0,60.0,681.0,18.0,7.0,51.0,5.0,34.0
CA-516,Redding/Shasta Siskiyou Lassen Plumas Del Norte Modoc Sierra Counties CoC,591,244,347,2015,87.0,48.0,52.0,491.0,527.0,64.0,518.0,24.0,2.0,44.0,3.0,0.0
CA-517,Napa City & County CoC,293,179,114,2015,19.0,44.0,21.0,228.0,218.0,75.0,222.0,16.0,3.0,41.0,2.0,9.0
CA-518,Vallejo/Solano County CoC,1082,287,795,2015,89.0,62.0,117.0,903.0,844.0,238.0,463.0,375.0,23.0,42.0,4.0,175.0
CA-519,Chico Paradise/Butte County CoC,571,286,285,2015,50.0,59.0,64.0,448.0,505.0,66.0,475.0,22.0,3.0,31.0,6.0,34.0
CA-520,Merced City & County CoC,898,155,743,2015,88.0,16.0,73.0,809.0,620.0,278.0,501.0,157.0,10.0,25.0,27.0,178.0
CA-521,Davis Woodland/Yolo County CoC,498,305,193,2015,44.0,86.0,49.0,363.0,378.0,120.0,312.0,80.0,1.0,1.0,5.0,99.0
CA-522,Humboldt County CoC,1180,244,936,2015,145.0,113.0,101.0,966.0,1102.0,78.0,934.0,44.0,5.0,164.0,7.0,26.0
CA-523,Colusa Glenn Trinity Counties CoC,136,56,80,2015,10.0,32.0,10.0,94.0,86.0,50.0,130.0,1.0,1.0,4.0,0.0,0.0
CA-524,Yuba City & County/Sutter County CoC,716,205,511,2015,113.0,182.0,48.0,486.0,569.0,147.0,560.0,109.0,10.0,16.0,0.0,21.0
CA-525,El Dorado County CoC,269,121,148,2015,20.0,76.0,17.0,176.0,207.0,62.0,244.0,1.0,6.0,0.0,5.0,13.0
CA-526,Amador Calaveras Mariposa Tuolumne Counties CoC,430,128,302,2015,47.0,54.0,50.0,326.0,374.0,56.0,364.0,13.0,3.0,28.0,7.0,15.0
CA-527,Tehama County CoC,138,78,60,2015,15.0,15.0,11.0,112.0,126.0,12.0,119.0,0.0,0.0,16.0,0.0,3.0
CA-529,Lake County CoC,315,27,288,2015,21.0,51.0,14.0,250.0,296.0,19.0,275.0,10.0,2.0,27.0,1.0,0.0
CA-530,Alpine Inyo Mono Counties CoC,53,8,45,2015,8.0,4.0,10.0,39.0,47.0,6.0,45.0,4.0,0.0,3.0,1.0,0.0
CA-600,Los Angeles City & County CoC,41174,12226,28948,2015,4016.0,4205.0,3089.0,33880.0,30076.0,11098.0,19514.0,16906.0,710.0,1458.0,133.0,2453.0
CA-601,San Diego City and County CoC,8742,4586,4156,2015,1381.0,1278.0,846.0,6618.0,6332.0,2410.0,5704.0,2045.0,99.0,270.0,159.0,465.0
CA-602,Santa Ana Anaheim/Orange County CoC,4452,2251,2201,2015,447.0,853.0,247.0,3352.0,2724.0,1728.0,3272.0,652.0,228.0,178.0,42.0,80.0
CA-603,Santa Maria/Santa Barbara County CoC,1729,839,890,2015,128.0,217.0,131.0,1381.0,1177.0,552.0,1109.0,102.0,10.0,36.0,12.0,460.0
CA-604,Bakersfield/Kern County CoC,954,545,409,2015,92.0,150.0,66.0,738.0,665.0,289.0,704.0,128.0,26.0,19.0,3.0,74.0
CA-606,Long Beach CoC,2345,832,1513,2015,308.0,255.0,134.0,1956.0,1759.0,586.0,1281.0,808.0,67.0,42.0,35.0,112.0
CA-607,Pasadena CoC,632,190,442,2015,36.0,59.0,43.0,530.0,474.0,158.0,278.0,273.0,8.0,12.0,5.0,56.0
CA-608,Riverside City & County CoC,2372,884,1488,2015,223.0,204.0,183.0,1985.0,1665.0,707.0,1781.0,392.0,28.0,87.0,16.0,68.0
CA-609,San Bernardino City & County CoC,2149,838,1311,2015,176.0,357.0,228.0,1564.0,1496.0,653.0,1251.0,616.0,47.0,41.0,28.0,166.0
CA-611,Oxnard San Buenaventura/Ventura County CoC,1417,460,957,2015,103.0,178.0,113.0,1126.0,822.0,595.0,967.0,127.0,12.0,51.0,16.0,244.0
CA-612,Glendale CoC,208,86,122,2015,6.0,44.0,11.0,153.0,174.0,34.0,91.0,40.0,5.0,3.0,7.0,62.0
CA-613,Imperial County CoC,554,190,364,2015,8.0,76.0,42.0,436.0,256.0,298.0,511.0,16.0,6.0,7.0,3.0,11.0
CA-614,San Luis Obispo County CoC,1515,392,1123,2015,130.0,225.0,415.0,875.0,1196.0,319.0,1183.0,79.0,7.0,36.0,3.0,207.0
CA-500,San Jose/Santa Clara City & County CoC,6524,1897,4627,2016,701.0,584.0,903.0,5037.0,3905.0,2619.0,2871.0,1193.0,182.0,461.0,98.0,1719.0
CA-501,San Francisco CoC,6996,2638,4358,2016,580.0,496.0,1434.0,5066.0,5513.0,1483.0,2757.0,2457.0,163.0,204.0,158.0,1257.0
CA-502,Oakland Berkeley/Alameda County CoC,4145,1748,2397,2016,401.0,568.0,399.0,3178.0,3327.0,818.0,1332.0,2183.0,107.0,121.0,30.0,372.0
CA-503,Sacramento City & County CoC,2500,1552,948,2016,308.0,358.0,298.0,1844.0,2119.0,381.0,1365.0,891.0,22.0,37.0,36.0,149.0
CA-504,Santa Rosa Petaluma/Sonoma County CoC,2906,1000,1906,2016,274.0,305.0,582.0,2019.0,2228.0,678.0,1799.0,240.0,17.0,232.0,36.0,582.0
CA-505,Richmond/Contra Costa County CoC,1730,620,1110,2016,136.0,214.0,120.0,1396.0,1449.0,281.0,766.0,576.0,28.0,113.0,28.0,219.0
CA-506,Salinas/Monterey San Benito Counties CoC,3022,915,2107,2016,204.0,343.0,305.0,2374.0,1934.0,1088.0,1665.0,403.0,54.0,65.0,58.0,777.0
CA-507,Marin County CoC,1258,423,835,2016,78.0,114.0,362.0,782.0,1050.0,208.0,837.0,239.0,15.0,43.0,6.0,118.0
CA-508,Watsonville/Santa Cruz City & County CoC,1959,605,1354,2016,146.0,312.0,305.0,1342.0,1228.0,731.0,1248.0,114.0,47.0,144.0,24.0,382.0
CA-509,Mendocino County CoC,1242,192,1050,2016,19.0,51.0,251.0,940.0,993.0,249.0,1023.0,26.0,2.0,143.0,6.0,42.0
CA-510,Turlock Modesto/Stanislaus County CoC,1434,704,730,2016,74.0,172.0,127.0,1135.0,1012.0,422.0,876.0,255.0,29.0,94.0,26.0,154.0
CA-511,Stockton/San Joaquin County CoC,1780,1245,535,2016,138.0,531.0,81.0,1168.0,1174.0,606.0,1110.0,482.0,17.0,29.0,24.0,118.0
CA-512,Daly/San Mateo County CoC,1361,586,775,2016,136.0,258.0,81.0,1022.0,952.0,409.0,706.0,285.0,75.0,162.0,102.0,31.0
CA-513,Visalia/Kings Tulare Counties CoC,792,326,466,2016,37.0,95.0,60.0,637.0,442.0,350.0,672.0,47.0,2.0,44.0,5.0,22.0
CA-514,Fresno City & County/Madera County CoC,1883,452,1431,2016,228.0,131.0,136.0,1616.0,1076.0,807.0,1340.0,272.0,30.0,84.0,22.0,135.0
CA-515,Roseville Rocklin/Placer County CoC,1021,522,499,2016,67.0,92.0,74.0,855.0,940.0,81.0,864.0,20.0,4.0,66.0,3.0,64.0
CA-516,Redding/Shasta Siskiyou Lassen Plumas Del Norte Modoc Sierra Counties CoC,1272,312,960,2016,98.0,126.0,171.0,975.0,1133.0,139.0,1116.0,45.0,3.0,108.0,0.0,0.0
CA-517,Napa City & County CoC,317,199,118,2016,22.0,60.0,28.0,229.0,209.0,108.0,243.0,9.0,4.0,36.0,5.0,20.0
CA-518,Vallejo/Solano County CoC,1118,323,795,2016,119.0,92.0,114.0,912.0,888.0,230.0,445.0,375.0,29.0,48.0,10.0,211.0
CA-519,Chico Paradise/Butte County CoC,574,289,285,2016,49.0,87.0,67.0,420.0,508.0,66.0,486.0,16.0,1.0,41.0,8.0,22.0
CA-520,Merced City & County CoC,516,160,356,2016,25.0,9.0,40.0,467.0,360.0,156.0,377.0,64.0,6.0,13.0,4.0,52.0
CA-521,Davis Woodland/Yolo County CoC,532,339,193,2016,29.0,128.0,54.0,350.0,402.0,130.0,389.0,76.0,8.0,11.0,4.0,44.0
CA-522,Humboldt County CoC,1134,198,936,2016,131.0,99.0,91.0,944.0,1068.0,66.0,886.0,35.0,5.0,169.0,8.0,31.0
CA-523,Colusa Glenn Trinity Counties CoC,115,35,80,2016,7.0,23.0,9.0,83.0,83.0,32.0,103.0,1.0,3.0,3.0,1.0,4.0
CA-524,Yuba City & County/Sutter County CoC,702,191,511,2016,21.0,197.0,59.0,446.0,570.0,132.0,558.0,96.0,14.0,17.0,0.0,17.0
CA-525,El Dorado County CoC,269,121,148,2016,17.0,56.0,13.0,200.0,203.0,66.0,242.0,1.0,6.0,0.0,5.0,15.0
CA-526,Amador Calaveras Mariposa Tuolumne Counties CoC,632,151,481,2016,35.0,71.0,70.0,491.0,579.0,53.0,541.0,12.0,1.0,31.0,6.0,41.0
CA-527,Tehama County CoC,133,73,60,2016,16.0,20.0,8.0,105.0,118.0,15.0,114.0,2.0,0.0,14.0,0.0,3.0
CA-529,Lake County CoC,332,44,288,2016,21.0,68.0,15.0,249.0,299.0,33.0,293.0,14.0,0.0,24.0,1.0,0.0
CA-530,Alpine Inyo Mono Counties CoC,130,11,119,2016,8.0,12.0,5.0,113.0,111.0,19.0,116.0,0.0,3.0,5.0,0.0,6.0
CA-600,Los Angeles City & County CoC,43854,11073,32781,2016,2728.0,3615.0,3447.0,36792.0,31993.0,11861.0,23215.0,17187.0,465.0,903.0,262.0,1822.0
CA-601,San Diego City and County CoC,8669,3729,4940,2016,1156.0,1213.0,966.0,6490.0,6200.0,2469.0,5464.0,1836.0,117.0,194.0,128.0,930.0
CA-602,Santa Ana Anaheim/Orange County CoC,4319,2118,2201,2016,455.0,803.0,226.0,3290.0,2535.0,1784.0,3223.0,638.0,198.0,105.0,45.0,110.0
CA-603,Santa Maria/Santa Barbara County CoC,1813,923,890,2016,122.0,280.0,150.0,1383.0,1157.0,656.0,1210.0,115.0,13.0,36.0,8.0,431.0
CA-604,Bakersfield/Kern County CoC,1067,561,506,2016,99.0,121.0,94.0,852.0,788.0,279.0,694.0,182.0,3.0,52.0,10.0,126.0
CA-606,Long Beach CoC,2250,737,1513,2016,289.0,217.0,108.0,1925.0,1737.0,513.0,1227.0,775.0,68.0,46.0,45.0,89.0
CA-607,Pasadena CoC,530,178,352,2016,44.0,45.0,42.0,443.0,377.0,153.0,277.0,213.0,4.0,7.0,3.0,26.0
CA-608,Riverside City & County CoC,2165,814,1351,2016,211.0,179.0,154.0,1832.0,1456.0,709.0,1537.0,363.0,25.0,126.0,26.0,88.0
CA-609,San Bernardino City & County CoC,1887,696,1191,2016,122.0,318.0,175.0,1394.0,1278.0,609.0,1207.0,456.0,30.0,72.0,21.0,101.0
CA-611,Oxnard San Buenaventura/Ventura County CoC,1271,494,777,2016,78.0,151.0,71.0,1049.0,832.0,439.0,960.0,64.0,20.0,27.0,17.0,183.0
CA-612,Glendale CoC,240,185,55,2016,10.0,39.0,9.0,192.0,184.0,56.0,141.0,80.0,8.0,4.0,2.0,5.0
CA-613,Imperial County CoC,380,128,252,2016,12.0,60.0,50.0,270.0,40.0,340.0,358.0,16.0,0.0,1.0,0.0,5.0
CA-614,San Luis Obispo County CoC,1368,245,1123,2016,161.0,115.0,406.0,847.0,987.0,381.0,1016.0,80.0,8.0,44.0,3.0,217.0
CA-500,San Jose/Santa Clara City & County CoC,7394,1946,5448,2017,660.0,1136.0,2091.0,4167.0,4138.0,3256.0,3446.0,1069.0,225.0,973.0,224.0,1457.0
CA-501,San Francisco CoC,6858,2505,4353,2017,684.0,448.0,1224.0,5186.0,5267.0,1591.0,2347.0,2353.0,306.0,209.0,125.0,1518.0
CA-502,Oakland Berkeley/Alameda County CoC,5629,1766,3863,2017,531.0,480.0,1005.0,4144.0,4677.0,952.0,1710.0,2747.0,130.0,168.0,42.0,832.0
CA-503,Sacramento City & County CoC,3665,1613,2052,2017,469.0,370.0,242.0,3053.0,3009.0,656.0,1817.0,1124.0,24.0,179.0,31.0,490.0
CA-504,Santa Rosa Petaluma/Sonoma County CoC,2835,988,1847,2017,211.0,297.0,431.0,2107.0,2138.0,697.0,1990.0,219.0,29.0,173.0,28.0,396.0
CA-505,Richmond/Contra Costa County CoC,1607,696,911,2017,99.0,160.0,78.0,1369.0,1315.0,292.0,802.0,535.0,27.0,166.0,22.0,55.0
CA-506,Salinas/Monterey San Benito Counties CoC,3364,850,2514,2017,123.0,535.0,498.0,2331.0,1025.0,2339.0,2574.0,351.0,13.0,10.0,6.0,410.0
CA-507,Marin County CoC,1117,409,708,2017,94.0,124.0,121.0,872.0,920.0,197.0,720.0,172.0,19.0,29.0,5.0,172.0
CA-508,Watsonville/Santa Cruz City & County CoC,2249,450,1799,2017,236.0,378.0,471.0,1400.0,1459.0,790.0,1323.0,153.0,5.0,156.0,7.0,605.0
CA-509,Mendocino County CoC,1238,160,1078,2017,24.0,32.0,47.0,1159.0,1121.0,117.0,1026.0,34.0,2.0,152.0,8.0,16.0
CA-510,Turlock Modesto/Stanislaus County CoC,1661,840,821,2017,100.0,243.0,127.0,1291.0,1111.0,550.0,1317.0,174.0,24.0,71.0,18.0,57.0
CA-511,Stockton/San Joaquin County CoC,1542,975,567,2017,109.0,343.0,78.0,1121.0,1085.0,457.0,953.0,417.0,40.0,38.0,16.0,78.0
CA-512,Daly/San Mateo County CoC,1253,616,637,2017,105.0,263.0,49.0,941.0,865.0,388.0,788.0,175.0,63.0,64.0,113.0,50.0
CA-513,Visalia/Kings Tulare Counties CoC,853,354,499,2017,45.0,78.0,75.0,700.0,468.0,385.0,719.0,57.0,9.0,34.0,8.0,26.0
CA-514,Fresno City & County/Madera County CoC,2016,487,1529,2017,211.0,184.0,134.0,1698.0,1125.0,891.0,1403.0,257.0,63.0,155.0,19.0,119.0
CA-515,Roseville Rocklin/Placer County CoC,979,521,458,2017,44.0,128.0,71.0,780.0,859.0,120.0,793.0,52.0,9.0,56.0,5.0,64.0
CA-516,Redding/Shasta Siskiyou Lassen Plumas Del Norte Modoc Sierra Counties CoC,934,530,404,2017,103.0,131.0,77.0,726.0,812.0,122.0,709.0,23.0,6.0,107.0,4.0,85.0
CA-517,Napa City & County CoC,315,199,116,2017,17.0,52.0,29.0,234.0,210.0,105.0,259.0,17.0,4.0,23.0,4.0,8.0
CA-518,Vallejo/Solano County CoC,1232,315,917,2017,156.0,113.0,209.0,910.0,955.0,277.0,571.0,389.0,12.0,31.0,32.0,197.0
CA-519,Chico Paradise/Butte County CoC,1195,450,745,2017,110.0,118.0,75.0,1002.0,1061.0,134.0,886.0,33.0,9.0,75.0,17.0,175.0
CA-520,Merced City & County CoC,454,156,298,2017,17.0,4.0,23.0,427.0,345.0,109.0,243.0,63.0,9.0,23.0,5.0,111.0
CA-521,Davis Woodland/Yolo County CoC,459,250,209,2017,28.0,84.0,26.0,349.0,388.0,71.0,304.0,96.0,7.0,10.0,3.0,39.0
CA-522,Humboldt County CoC,759,325,434,2017,91.0,77.0,64.0,618.0,700.0,59.0,616.0,16.0,5.0,80.0,6.0,36.0
CA-523,Colusa Glenn Trinity Counties CoC,176,43,133,2017,12.0,35.0,11.0,130.0,128.0,48.0,135.0,4.0,0.0,24.0,5.0,8.0
CA-524,Yuba City & County/Sutter County CoC,760,287,473,2017,47.0,118.0,47.0,595.0,646.0,114.0,557.0,42.0,10.0,15.0,7.0,129.0
CA-525,El Dorado County CoC,602,106,496,2017,97.0,97.0,33.0,472.0,584.0,18.0,540.0,27.0,0.0,18.0,0.0,17.0
CA-526,Amador Calaveras Mariposa Tuolumne Counties CoC,367,103,264,2017,20.0,59.0,46.0,262.0,329.0,38.0,299.0,10.0,0.0,14.0,2.0,42.0
CA-527,Tehama County CoC,124,68,56,2017,9.0,11.0,3.0,110.0,100.0,24.0,108.0,1.0,0.0,7.0,0.0,8.0
CA-529,Lake County CoC,401,28,373,2017,23.0,57.0,35.0,309.0,359.0,42.0,293.0,7.0,1.0,63.0,1.0,36.0
CA-530,Alpine Inyo Mono Counties CoC,121,5,116,2017,13.0,11.0,5.0,105.0,116.0,5.0,114.0,2.0,2.0,2.0,0.0,1.0
CA-600,Los Angeles City & County CoC,52442,13972,38470,2017,4440.0,4791.0,3199.0,44452.0,34087.0,18355.0,21089.0,26665.0,893.0,1569.0,342.0,1884.0
CA-601,San Diego City and County CoC,9160,3539,5621,2017,1067.0,1055.0,1434.0,6671.0,6678.0,2482.0,5700.0,2064.0,192.0,288.0,138.0,778.0
CA-602,Santa Ana Anaheim/Orange County CoC,4792,2208,2584,2017,405.0,758.0,221.0,3813.0,3015.0,1777.0,3487.0,719.0,165.0,209.0,48.0,164.0
CA-603,Santa Maria/Santa Barbara County CoC,1860,967,893,2017,100.0,295.0,122.0,1443.0,1238.0,622.0,1529.0,144.0,20.0,69.0,12.0,86.0
CA-604,Bakersfield/Kern County CoC,810,541,269,2017,90.0,119.0,68.0,623.0,633.0,177.0,533.0,130.0,10.0,18.0,17.0,102.0
CA-606,Long Beach CoC,1863,655,1208,2017,318.0,141.0,89.0,1633.0,1383.0,480.0,1028.0,596.0,60.0,53.0,50.0,76.0
CA-607,Pasadena CoC,575,228,347,2017,30.0,76.0,35.0,464.0,425.0,150.0,285.0,223.0,7.0,15.0,6.0,39.0
CA-608,Riverside City & County CoC,2406,768,1638,2017,148.0,178.0,238.0,1990.0,1624.0,782.0,1670.0,431.0,30.0,141.0,40.0,94.0
CA-609,San Bernardino City & County CoC,1866,687,1179,2017,161.0,286.0,169.0,1411.0,1301.0,565.0,1174.0,439.0,24.0,33.0,15.0,181.0
CA-611,Oxnard San Buenaventura/Ventura County CoC,1152,488,664,2017,80.0,99.0,62.0,991.0,689.0,463.0,869.0,108.0,8.0,35.0,9.0,123.0
CA-612,Glendale CoC,168,111,57,2017,4.0,62.0,3.0,103.0,94.0,74.0,90.0,44.0,9.0,7.0,0.0,18.0
CA-613,Imperial County CoC,1154,128,1026,2017,21.0,78.0,24.0,1052.0,642.0,512.0,1067.0,35.0,4.0,22.0,8.0,18.0
CA-614,San Luis Obispo County CoC,1125,303,822,2017,84.0,103.0,187.0,835.0,916.0,209.0,901.0,65.0,15.0,79.0,11.0,54.0
CA-500,San Jose/Santa Clara City & County CoC,7254,1806,5448,2018,658.0,1088.0,2077.0,4089.0,4056.0,3198.0,3373.0,1020.0,245.0,945.0,206.0,1465.0
CA-501,San Francisco CoC,6857,2504,4353,2018,656.0,477.0,1353.0,5027.0,5244.0,1613.0,2286.0,2698.0,322.0,240.0,124.0,1187.0
CA-502,Oakland Berkeley/Alameda County CoC,5496,1633,3863,2018,526.0,479.0,930.0,4087.0,4567.0,929.0,1630.0,2722.0,116.0,182.0,41.0,805.0
CA-503,Sacramento City & County CoC,3621,1569,2052,2018,492.0,329.0,270.0,3022.0,2944.0,677.0,1800.0,1114.0,26.0,168.0,34.0,479.0
CA-504,Santa Rosa Petaluma/Sonoma County CoC,2996,1067,1929,2018,207.0,226.0,490.0,2280.0,2172.0,824.0,1844.0,239.0,45.0,206.0,35.0,627.0
CA-505,Richmond/Contra Costa County CoC,2234,697,1537,2018,102.0,168.0,148.0,1918.0,1869.0,365.0,1140.0,712.0,44.0,231.0,32.0,75.0
CA-506,Salinas/Monterey San Benito Counties CoC,3299,785,2514,2018,167.0,524.0,493.0,2282.0,978.0,2321.0,2524.0,335.0,12.0,7.0,11.0,410.0
CA-507,Marin County CoC,1095,387,708,2018,89.0,115.0,128.0,852.0,890.0,205.0,681.0,199.0,9.0,25.0,5.0,176.0
CA-508,Watsonville/Santa Cruz City & County CoC,2320,521,1799,2018,245.0,393.0,477.0,1450.0,1547.0,773.0,1366.0,172.0,15.0,157.0,8.0,602.0
CA-509,Mendocino County CoC,880,157,723,2018,12.0,33.0,18.0,829.0,793.0,87.0,656.0,11.0,0.0,110.0,25.0,78.0
CA-510,Turlock Modesto/Stanislaus County CoC,1356,750,606,2018,87.0,168.0,97.0,1091.0,736.0,620.0,1053.0,141.0,13.0,77.0,16.0,56.0
CA-511,Stockton/San Joaquin County CoC,1685,1118,567,2018,96.0,389.0,95.0,1201.0,1188.0,497.0,1026.0,465.0,32.0,39.0,29.0,94.0
CA-512,Daly/San Mateo County CoC,1238,601,637,2018,100.0,268.0,39.0,931.0,791.0,447.0,843.0,188.0,32.0,65.0,58.0,52.0
CA-513,Visalia/Kings Tulare Counties CoC,967,315,652,2018,46.0,98.0,81.0,788.0,550.0,417.0,786.0,91.0,13.0,53.0,7.0,17.0
CA-514,Fresno City & County/Madera County CoC,2144,463,1681,2018,211.0,173.0,100.0,1871.0,1183.0,961.0,1345.0,422.0,93.0,171.0,16.0,97.0
CA-515,Roseville Rocklin/Placer County CoC,950,492,458,2018,55.0,108.0,66.0,776.0,815.0,135.0,748.0,54.0,11.0,60.0,14.0,63.0
CA-516,Redding/Shasta Siskiyou Lassen Plumas Del Norte Modoc Sierra Counties CoC,1149,459,690,2018,124.0,132.0,51.0,966.0,1070.0,79.0,948.0,42.0,13.0,68.0,20.0,58.0
CA-517,Napa City & County CoC,322,168,154,2018,23.0,29.0,16.0,277.0,211.0,111.0,271.0,14.0,1.0,17.0,7.0,12.0
CA-518,Vallejo/Solano County CoC,1129,212,917,2018,124.0,65.0,211.0,853.0,879.0,250.0,506.0,369.0,15.0,29.0,28.0,182.0
CA-519,Chico Paradise/Butte County CoC,1125,380,745,2018,109.0,115.0,64.0,946.0,1008.0,117.0,882.0,28.0,7.0,59.0,18.0,131.0
CA-520,Merced City & County CoC,514,202,312,2018,13.0,31.0,38.0,445.0,349.0,165.0,365.0,79.0,8.0,16.0,4.0,42.0
CA-521,Davis Woodland/Yolo County CoC,448,239,209,2018,22.0,79.0,38.0,331.0,343.0,105.0,310.0,87.0,1.0,23.0,4.0,23.0
CA-522,Humboldt County CoC,703,269,434,2018,106.0,67.0,61.0,575.0,647.0,56.0,532.0,26.0,2.0,87.0,4.0,52.0
CA-523,Colusa Glenn Trinity Counties CoC,268,95,173,2018,18.0,64.0,8.0,196.0,215.0,53.0,248.0,5.0,1.0,7.0,2.0,5.0
CA-524,Yuba City & County/Sutter County CoC,765,292,473,2018,28.0,176.0,55.0,534.0,597.0,168.0,549.0,59.0,7.0,23.0,7.0,120.0
CA-525,El Dorado County CoC,645,149,496,2018,82.0,114.0,37.0,494.0,620.0,25.0,559.0,25.0,2.0,17.0,1.0,41.0
CA-526,Amador Calaveras Mariposa Tuolumne Counties CoC,398,134,264,2018,19.0,72.0,47.0,279.0,357.0,41.0,331.0,11.0,0.0,13.0,1.0,42.0
CA-527,Tehama County CoC,125,69,56,2018,9.0,12.0,5.0,108.0,106.0,19.0,110.0,1.0,0.0,7.0,0.0,7.0
CA-529,Lake County CoC,615,24,591,2018,12.0,42.0,34.0,539.0,442.0,173.0,476.0,16.0,0.0,58.0,0.0,65.0
CA-530,Alpine Inyo Mono Counties CoC,157,1,156,2018,6.0,8.0,10.0,139.0,151.0,6.0,137.0,3.0,0.0,17.0,0.0,0.0
CA-600,Los Angeles City & County CoC,49955,12385,37570,2018,3538.0,4731.0,2955.0,42269.0,32415.0,17540.0,24620.0,21310.0,818.0,1211.0,464.0,1532.0
CA-601,San Diego City and County CoC,8576,3586,4990,2018,1312.0,1014.0,892.0,6670.0,6218.0,2358.0,5587.0,2081.0,104.0,285.0,123.0,396.0
CA-602,Santa Ana Anaheim/Orange County CoC,4955,2371,2584,2018,419.0,722.0,216.0,4017.0,3123.0,1832.0,3683.0,714.0,162.0,185.0,48.0,163.0
CA-603,Santa Maria/Santa Barbara County CoC,1706,813,893,2018,104.0,247.0,126.0,1333.0,1069.0,637.0,1423.0,113.0,16.0,69.0,17.0,68.0
CA-604,Bakersfield/Kern County CoC,885,515,370,2018,80.0,107.0,70.0,708.0,627.0,258.0,640.0,172.0,4.0,31.0,10.0,28.0
CA-606,Long Beach CoC,1873,665,1208,2018,305.0,123.0,88.0,1662.0,1407.0,466.0,1035.0,604.0,52.0,52.0,48.0,82.0
CA-607,Pasadena CoC,677,215,462,2018,31.0,59.0,44.0,574.0,490.0,187.0,321.0,236.0,9.0,24.0,16.0,71.0
CA-608,Riverside City & County CoC,2316,631,1685,2018,136.0,151.0,244.0,1921.0,1513.0,803.0,1575.0,452.0,32.0,146.0,35.0,76.0
CA-609,San Bernardino City & County CoC,2118,675,1443,2018,170.0,353.0,159.0,1606.0,1475.0,643.0,1296.0,508.0,11.0,47.0,14.0,242.0
CA-611,Oxnard San Buenaventura/Ventura County CoC,1308,478,830,2018,62.0,118.0,51.0,1139.0,815.0,493.0,1122.0,65.0,12.0,28.0,5.0,76.0
CA-612,Glendale CoC,260,104,156,2018,12.0,61.0,11.0,188.0,157.0,103.0,163.0,46.0,5.0,5.0,4.0,37.0
CA-613,Imperial County CoC,1493,160,1333,2018,130.0,119.0,98.0,1276.0,1002.0,491.0,1299.0,53.0,12.0,53.0,0.0,76.0
CA-614,San Luis Obispo County CoC,1095,273,822,2018,93.0,89.0,187.0,819.0,896.0,199.0,867.0,68.0,16.0,78.0,11.0,55.0
CA-500,San Jose/Santa Clara City & County CoC,9706,1784,7922,2019,653.0,801.0,1691.0,7214.0,5557.0,4149.0,4257.0,1820.0,334.0,784.0,148.0,2363.0
CA-501,San Francisco CoC,8035,2855,5180,2019,608.0,384.0,1157.0,6494.0,6511.0,1524.0,2311.0,2978.0,355.0,401.0,200.0,1790.0
CA-502,Oakland Berkeley/Alameda County CoC,8022,1710,6312,2019,692.0,329.0,753.0,6940.0,6635.0,1387.0,2516.0,3792.0,126.0,301.0,128.0,1159.0
CA-503,Sacramento City & County CoC,5561,1661,3900,2019,667.0,711.0,414.0,4436.0,4576.0,985.0,2605.0,1869.0,49.0,421.0,123.0,494.0
CA-504,Santa Rosa Petaluma/Sonoma County CoC,2951,994,1957,2019,210.0,277.0,554.0,2120.0,2120.0,831.0,1908.0,263.0,8.0,188.0,58.0,526.0
CA-505,Richmond/Contra Costa County CoC,2295,668,1627,2019,114.0,191.0,134.0,1970.0,1915.0,380.0,1033.0,775.0,40.0,332.0,31.0,84.0
CA-506,Salinas/Monterey San Benito Counties CoC,2704,706,1998,2019,187.0,380.0,353.0,1971.0,1363.0,1341.0,1728.0,293.0,53.0,36.0,41.0,553.0
CA-507,Marin County CoC,1034,326,708,2019,99.0,94.0,102.0,838.0,840.0,194.0,684.0,173.0,17.0,36.0,15.0,109.0
CA-508,Watsonville/Santa Cruz City & County CoC,2167,467,1700,2019,151.0,300.0,594.0,1273.0,1452.0,715.0,1455.0,164.0,20.0,206.0,28.0,294.0
CA-509,Mendocino County CoC,785,247,538,2019,16.0,52.0,48.0,685.0,702.0,83.0,629.0,13.0,2.0,67.0,16.0,58.0
CA-510,Turlock Modesto/Stanislaus County CoC,1923,835,1088,2019,133.0,250.0,137.0,1536.0,1324.0,599.0,1484.0,220.0,29.0,76.0,21.0,93.0
CA-511,Stockton/San Joaquin County CoC,2631,1073,1558,2019,153.0,342.0,148.0,2141.0,1820.0,811.0,1717.0,666.0,62.0,28.0,45.0,113.0
CA-512,Daly/San Mateo County CoC,1512,611,901,2019,69.0,238.0,59.0,1215.0,936.0,576.0,1007.0,201.0,38.0,94.0,54.0,118.0
CA-513,Visalia/Kings Tulare Counties CoC,1064,289,775,2019,70.0,87.0,79.0,898.0,591.0,473.0,890.0,116.0,12.0,14.0,8.0,24.0
CA-514,Fresno City & County/Madera County CoC,2508,439,2069,2019,235.0,160.0,138.0,2210.0,1342.0,1166.0,1682.0,430.0,38.0,251.0,43.0,64.0
CA-515,Roseville Rocklin/Placer County CoC,617,321,296,2019,46.0,77.0,36.0,504.0,519.0,98.0,476.0,50.0,9.0,37.0,6.0,39.0
CA-516,Redding/Shasta Siskiyou Lassen Plumas Del Norte Modoc Sierra Counties CoC,1349,543,806,2019,90.0,126.0,108.0,1115.0,1256.0,93.0,1090.0,43.0,15.0,112.0,13.0,76.0
CA-517,Napa City & County CoC,322,172,150,2019,14.0,34.0,23.0,265.0,198.0,124.0,248.0,11.0,4.0,31.0,13.0,15.0
CA-518,Vallejo/Solano County CoC,1151,219,932,2019,147.0,52.0,210.0,889.0,964.0,187.0,444.0,428.0,22.0,33.0,59.0,165.0
CA-519,Chico Paradise/Butte County CoC,1266,428,838,2019,88.0,127.0,73.0,1066.0,1103.0,163.0,1009.0,64.0,7.0,82.0,10.0,94.0
CA-520,Merced City & County CoC,608,320,288,2019,18.0,111.0,18.0,479.0,401.0,207.0,445.0,79.0,1.0,12.0,3.0,68.0
CA-521,Davis Woodland/Yolo County CoC,655,258,397,2019,35.0,86.0,47.0,522.0,448.0,207.0,454.0,121.0,14.0,20.0,14.0,32.0
CA-522,Humboldt County CoC,1702,300,1402,2019,66.0,82.0,88.0,1532.0,1626.0,76.0,1500.0,46.0,8.0,124.0,10.0,14.0
CA-523,Colusa Glenn Trinity Counties CoC,192,42,150,2019,17.0,36.0,6.0,150.0,154.0,38.0,169.0,3.0,4.0,15.0,1.0,0.0
CA-524,Yuba City & County/Sutter County CoC,721,202,519,2019,37.0,100.0,24.0,597.0,620.0,101.0,545.0,45.0,10.0,51.0,5.0,65.0
CA-525,El Dorado County CoC,613,133,480,2019,46.0,70.0,91.0,452.0,447.0,166.0,567.0,25.0,0.0,17.0,1.0,3.0
CA-526,Amador Calaveras Mariposa Tuolumne Counties CoC,845,158,687,2019,65.0,108.0,73.0,664.0,791.0,54.0,731.0,20.0,6.0,42.0,5.0,41.0
CA-527,Tehama County CoC,288,73,215,2019,15.0,33.0,20.0,235.0,237.0,51.0,251.0,4.0,1.0,21.0,0.0,11.0
CA-529,Lake County CoC,408,26,382,2019,18.0,26.0,28.0,354.0,351.0,57.0,344.0,9.0,1.0,31.0,3.0,20.0
CA-530,Alpine Inyo Mono Counties CoC,214,17,197,2019,12.0,10.0,30.0,174.0,190.0,24.0,195.0,0.0,0.0,19.0,0.0,0.0
CA-531,Nevada County CoC,415,164,251,2019,35.0,43.0,33.0,339.0,384.0,31.0,383.0,6.0,0.0,12.0,3.0,11.0
CA-600,Los Angeles City & County CoC,56257,13786,42471,2019,3538.0,5061.0,3527.0,47669.0,35734.0,20523.0,26152.0,23983.0,770.0,2037.0,705.0,2610.0
CA-601,San Diego City and County CoC,8102,3626,4476,2019,1068.0,1050.0,499.0,6553.0,5750.0,2352.0,5377.0,1925.0,149.0,237.0,102.0,312.0
CA-602,Santa Ana Anaheim/Orange County CoC,6860,2899,3961,2019,311.0,980.0,271.0,5609.0,4380.0,2480.0,4983.0,768.0,218.0,186.0,101.0,604.0
CA-603,Santa Maria/Santa Barbara County CoC,1803,670,1133,2019,114.0,237.0,96.0,1470.0,1108.0,695.0,1499.0,128.0,15.0,58.0,14.0,89.0
CA-604,Bakersfield/Kern County CoC,1330,525,805,2019,121.0,141.0,100.0,1089.0,938.0,392.0,978.0,205.0,10.0,58.0,10.0,69.0
CA-606,Long Beach CoC,1894,619,1275,2019,304.0,120.0,67.0,1707.0,1296.0,598.0,1049.0,664.0,54.0,29.0,44.0,54.0
CA-607,Pasadena CoC,542,221,321,2019,32.0,50.0,32.0,460.0,369.0,173.0,296.0,186.0,9.0,15.0,5.0,31.0
CA-608,Riverside City & County CoC,2811,766,2045,2019,163.0,214.0,276.0,2321.0,1821.0,990.0,1888.0,494.0,36.0,91.0,35.0,267.0
CA-609,San Bernardino City & County CoC,2607,687,1920,2019,207.0,300.0,178.0,2129.0,1809.0,798.0,1402.0,658.0,20.0,57.0,22.0,448.0
CA-611,Oxnard San Buenaventura/Ventura County CoC,1669,411,1258,2019,106.0,116.0,93.0,1460.0,1048.0,621.0,1329.0,121.0,21.0,34.0,12.0,152.0
CA-612,Glendale CoC,243,96,147,2019,5.0,49.0,9.0,185.0,141.0,102.0,140.0,47.0,7.0,11.0,4.0,34.0
CA-613,Imperial County CoC,1413,188,1225,2019,61.0,128.0,91.0,1194.0,929.0,484.0,1244.0,84.0,0.0,37.0,0.0,48.0
CA-614,San Luis Obispo County CoC,1483,311,1172,2019,144.0,142.0,165.0,1176.0,1063.0,420.0,1070.0,96.0,12.0,53.0,18.0,234.0
CA-500,San Jose/Santa Clara City & County CoC,9605,1683,7922,2020,613.0,731.0,1651.0,7223.0,5549.0,4056.0,4101.0,1856.0,355.0,791.0,144.0,2358.0
CA-501,San Francisco CoC,8124,2944,5180,2020,699.0,365.0,1157.0,6602.0,6364.0,1760.0,2845.0,3083.0,402.0,327.0,153.0,1314.0
CA-502,Oakland Berkeley/Alameda County CoC,8137,1825,6312,2020,722.0,309.0,781.0,7047.0,6676.0,1461.0,2586.0,3831.0,142.0,295.0,124.0,1159.0
CA-503,Sacramento City & County CoC,5511,1611,3900,2020,646.0,703.0,439.0,4369.0,4534.0,977.0,2566.0,1829.0,60.0,405.0,128.0,523.0
CA-504,Santa Rosa Petaluma/Sonoma County CoC,2745,1043,1702,2020,139.0,201.0,305.0,2239.0,2066.0,679.0,1744.0,155.0,34.0,240.0,41.0,531.0
CA-505,Richmond/Contra Costa County CoC,2277,707,1570,2020,117.0,154.0,107.0,2016.0,1752.0,525.0,1227.0,674.0,51.0,179.0,17.0,129.0
CA-506,Salinas/Monterey San Benito Counties CoC,2683,685,1998,2020,199.0,374.0,346.0,1963.0,1344.0,1339.0,1749.0,279.0,50.0,37.0,30.0,538.0
CA-507,Marin County CoC,1032,324,708,2020,101.0,102.0,103.0,827.0,814.0,218.0,674.0,177.0,26.0,37.0,14.0,104.0
CA-508,Watsonville/Santa Cruz City & County CoC,2256,556,1700,2020,159.0,296.0,597.0,1363.0,1513.0,743.0,1521.0,170.0,20.0,216.0,29.0,300.0
CA-509,Mendocino County CoC,751,176,575,2020,12.0,33.0,76.0,642.0,704.0,47.0,516.0,14.0,5.0,191.0,9.0,16.0
CA-510,Turlock Modesto/Stanislaus County CoC,2107,1020,1087,2020,110.0,207.0,144.0,1756.0,1501.0,606.0,1640.0,248.0,35.0,72.0,26.0,86.0
CA-511,Stockton/San Joaquin County CoC,2677,1119,1558,2020,148.0,337.0,144.0,2196.0,1849.0,828.0,1776.0,632.0,67.0,29.0,49.0,124.0
CA-512,Daly/San Mateo County CoC,1572,671,901,2020,66.0,255.0,55.0,1262.0,968.0,604.0,1081.0,212.0,32.0,89.0,45.0,113.0
CA-513,Visalia/Kings Tulare Counties CoC,1297,360,937,2020,75.0,121.0,76.0,1100.0,714.0,583.0,1061.0,111.0,10.0,80.0,14.0,21.0
CA-514,Fresno City & County/Madera County CoC,3641,960,2681,2020,377.0,351.0,162.0,3128.0,1743.0,1898.0,2146.0,669.0,64.0,347.0,37.0,378.0
CA-515,Roseville Rocklin/Placer County CoC,744,339,405,2020,73.0,82.0,38.0,624.0,641.0,103.0,597.0,63.0,9.0,35.0,3.0,37.0
CA-516,Redding/Shasta Siskiyou Lassen Plumas Del Norte Modoc Sierra Counties CoC,1529,506,1023,2020,129.0,152.0,136.0,1241.0,1354.0,175.0,1139.0,52.0,14.0,185.0,16.0,123.0
CA-517,Napa City & County CoC,464,161,303,2020,60.0,15.0,54.0,395.0,378.0,86.0,350.0,18.0,6.0,31.0,11.0,48.0
CA-518,Vallejo/Solano County CoC,1162,230,932,2020,135.0,49.0,212.0,901.0,988.0,174.0,470.0,414.0,20.0,36.0,59.0,163.0
CA-519,Chico Paradise/Butte County CoC,1274,436,838,2020,86.0,108.0,81.0,1085.0,1104.0,170.0,1020.0,75.0,6.0,80.0,10.0,83.0
CA-520,Merced City & County CoC,636,323,313,2020,10.0,69.0,23.0,544.0,379.0,257.0,372.0,57.0,74.0,22.0,4.0,107.0
CA-521,Davis Woodland/Yolo County CoC,641,244,397,2020,40.0,72.0,39.0,530.0,450.0,191.0,467.0,100.0,1.0,23.0,9.0,41.0
CA-522,Humboldt County CoC,1701,299,1402,2020,58.0,74.0,80.0,1547.0,1621.0,80.0,1492.0,42.0,5.0,146.0,12.0,4.0
CA-523,Colusa Glenn Trinity Counties CoC,261,111,150,2020,18.0,61.0,13.0,187.0,236.0,25.0,236.0,1.0,1.0,22.0,1.0,0.0
CA-524,Yuba City & County/Sutter County CoC,721,202,519,2020,37.0,95.0,23.0,603.0,611.0,110.0,558.0,47.0,9.0,43.0,6.0,58.0
CA-525,El Dorado County CoC,663,183,480,2020,46.0,87.0,99.0,477.0,492.0,171.0,603.0,35.0,2.0,8.0,1.0,14.0
CA-526,Amador Calaveras Mariposa Tuolumne Counties CoC,834,147,687,2020,63.0,84.0,72.0,678.0,768.0,66.0,729.0,10.0,5.0,51.0,3.0,36.0
CA-527,Tehama County CoC,300,85,215,2020,16.0,37.0,23.0,240.0,249.0,51.0,257.0,10.0,1.0,19.0,1.0,12.0
CA-529,Lake County CoC,357,21,336,2020,55.0,10.0,13.0,334.0,327.0,30.0,296.0,13.0,2.0,0.0,0.0,46.0
CA-530,Alpine Inyo Mono Counties CoC,184,22,162,2020,16.0,17.0,27.0,140.0,147.0,37.0,163.0,1.0,1.0,14.0,1.0,4.0
CA-531,Nevada County CoC,387,136,251,2020,33.0,13.0,30.0,344.0,355.0,32.0,341.0,3.0,0.0,17.0,4.0,22.0
CA-600,Los Angeles City & County CoC,63706,17616,46090,2020,3681.0,7491.0,4181.0,52034.0,40701.0,23005.0,29236.0,28998.0,1168.0,1449.0,397.0,2458.0
CA-601,San Diego City and County CoC,7638,3667,3971,2020,940.0,784.0,554.0,6300.0,5443.0,2195.0,5057.0,1904.0,115.0,157.0,102.0,303.0
CA-602,Santa Ana Anaheim/Orange County CoC,6978,3017,3961,2020,342.0,933.0,280.0,5765.0,4423.0,2555.0,5094.0,767.0,224.0,201.0,114.0,578.0
CA-603,Santa Maria/Santa Barbara County CoC,1897,674,1223,2020,210.0,192.0,102.0,1603.0,1178.0,719.0,1582.0,126.0,16.0,92.0,15.0,66.0
CA-604,Bakersfield/Kern County CoC,1580,576,1004,2020,108.0,142.0,89.0,1349.0,1024.0,556.0,1131.0,277.0,9.0,63.0,8.0,92.0
CA-606,Long Beach CoC,2034,452,1582,2020,175.0,165.0,65.0,1804.0,1380.0,654.0,992.0,804.0,73.0,37.0,60.0,68.0
CA-607,Pasadena CoC,527,233,294,2020,38.0,42.0,25.0,460.0,333.0,194.0,294.0,193.0,11.0,10.0,1.0,18.0
CA-608,Riverside City & County CoC,2884,729,2155,2020,233.0,170.0,349.0,2365.0,1847.0,1037.0,2031.0,624.0,38.0,91.0,28.0,72.0
CA-609,San Bernardino City & County CoC,3125,735,2390,2020,234.0,267.0,212.0,2646.0,2091.0,1034.0,1784.0,741.0,24.0,74.0,20.0,482.0
CA-611,Oxnard San Buenaventura/Ventura County CoC,1787,522,1265,2020,117.0,130.0,104.0,1553.0,741.0,1046.0,1380.0,115.0,25.0,44.0,10.0,213.0
CA-612,Glendale CoC,169,94,75,2020,8.0,42.0,7.0,120.0,95.0,74.0,116.0,24.0,4.0,8.0,1.0,16.0
CA-613,Imperial County CoC,1527,193,1334,2020,112.0,92.0,154.0,1281.0,1120.0,407.0,1405.0,61.0,11.0,42.0,8.0,0.0
CA-614,San Luis Obispo County CoC,1423,251,1172,2020,145.0,127.0,163.0,1133.0,1015.0,408.0,1014.0,95.0,13.0,51.0,19.0,231.0
CA-500,San Jose/Santa Clara City & County CoC,2301,2301,0,2021,167.0,379.0,134.0,1788.0,1153.0,1148.0,1404.0,302.0,152.0,122.0,61.0,260.0
CA-501,San Francisco CoC,4000,4000,0,2021,333.0,336.0,222.0,3442.0,2991.0,1009.0,1642.0,1677.0,213.0,145.0,96.0,227.0
CA-502,Oakland Berkeley/Alameda County CoC,2546,2546,0,2021,125.0,278.0,180.0,2088.0,2150.0,396.0,714.0,1442.0,69.0,71.0,62.0,188.0
CA-503,Sacramento City & County CoC,1885,1885,0,2021,127.0,287.0,200.0,1398.0,1563.0,322.0,876.0,700.0,30.0,41.0,28.0,210.0
CA-504,Santa Rosa Petaluma/Sonoma County CoC,787,787,0,2021,32.0,100.0,36.0,651.0,566.0,221.0,574.0,56.0,9.0,90.0,5.0,53.0
CA-505,Richmond/Contra Costa County CoC,820,820,0,2021,34.0,103.0,39.0,678.0,642.0,178.0,357.0,295.0,22.0,71.0,15.0,60.0
CA-506,Salinas/Monterey San Benito Counties CoC,678,678,0,2021,71.0,226.0,22.0,430.0,271.0,407.0,560.0,56.0,17.0,19.0,7.0,19.0
CA-507,Marin County CoC,225,225,0,2021,8.0,63.0,18.0,144.0,139.0,86.0,155.0,41.0,5.0,9.0,0.0,15.0
CA-508,Watsonville/Santa Cruz City & County CoC,800,800,0,2021,35.0,113.0,36.0,651.0,493.0,307.0,656.0,54.0,6.0,31.0,12.0,41.0
CA-509,Mendocino County CoC,318,318,0,2021,13.0,85.0,25.0,208.0,244.0,74.0,232.0,4.0,0.0,56.0,2.0,24.0
CA-510,Turlock Modesto/Stanislaus County CoC,2927,726,2201,2021,73.0,1088.0,276.0,1563.0,1699.0,1228.0,2119.0,374.0,53.0,53.0,46.0,282.0
CA-511,Stockton/San Joaquin County CoC,885,885,0,2021,57.0,191.0,40.0,654.0,551.0,334.0,558.0,226.0,24.0,18.0,12.0,47.0
CA-512,Daly/San Mateo County CoC,621,621,0,2021,49.0,163.0,22.0,436.0,414.0,207.0,355.0,136.0,38.0,15.0,58.0,19.0
CA-513,Visalia/Kings Tulare Counties CoC,494,494,0,2021,30.0,82.0,45.0,367.0,241.0,253.0,402.0,46.0,2.0,31.0,10.0,3.0
CA-514,Fresno City & County/Madera County CoC,999,999,0,2021,93.0,230.0,70.0,699.0,521.0,478.0,698.0,207.0,15.0,28.0,21.0,30.0
CA-515,Roseville Rocklin/Placer County CoC,708,357,351,2021,40.0,66.0,12.0,279.0,586.0,122.0,557.0,60.0,10.0,32.0,3.0,46.0
CA-516,Redding/Shasta Siskiyou Lassen Plumas Del Norte Modoc Sierra Counties CoC,792,792,0,2021,75.0,138.0,68.0,586.0,663.0,129.0,587.0,18.0,9.0,98.0,7.0,73.0
CA-517,Napa City & County CoC,200,200,0,2021,10.0,18.0,7.0,175.0,146.0,54.0,167.0,9.0,0.0,11.0,5.0,8.0
CA-518,Vallejo/Solano County CoC,397,397,0,2021,21.0,33.0,34.0,330.0,340.0,57.0,163.0,164.0,18.0,8.0,5.0,39.0
CA-519,Chico Paradise/Butte County CoC,499,499,0,2021,23.0,121.0,24.0,354.0,433.0,66.0,397.0,31.0,5.0,24.0,4.0,38.0
CA-520,Merced City & County CoC,835,380,455,2021,13.0,99.0,0.0,281.0,190.0,190.0,289.0,58.0,7.0,10.0,2.0,14.0
CA-521,Davis Woodland/Yolo County CoC,373,373,0,2021,20.0,43.0,22.0,308.0,267.0,106.0,268.0,69.0,2.0,19.0,6.0,9.0
CA-522,Humboldt County CoC,272,272,0,2021,44.0,33.0,6.0,233.0,249.0,23.0,242.0,1.0,2.0,13.0,2.0,12.0
CA-523,Colusa Glenn Trinity Counties CoC,140,140,0,2021,1.0,71.0,8.0,61.0,97.0,43.0,128.0,0.0,0.0,9.0,1.0,2.0
CA-524,Yuba City & County/Sutter County CoC,1074,235,839,2021,50.0,278.0,62.0,734.0,856.0,218.0,653.0,98.0,8.0,56.0,2.0,257.0
CA-525,El Dorado County CoC,99,99,0,2021,9.0,14.0,5.0,80.0,90.0,9.0,83.0,5.0,0.0,4.0,0.0,7.0
CA-526,Amador Calaveras Mariposa Tuolumne Counties CoC,151,151,0,2021,12.0,34.0,3.0,114.0,128.0,23.0,126.0,7.0,0.0,5.0,1.0,12.0
CA-527,Tehama County CoC,267,49,218,2021,10.0,23.0,13.0,231.0,239.0,28.0,240.0,6.0,3.0,16.0,1.0,1.0
CA-529,Lake County CoC,306,75,231,2021,19.0,5.0,23.0,278.0,251.0,55.0,220.0,10.0,0.0,56.0,4.0,16.0
CA-530,Alpine Inyo Mono Counties CoC,58,58,0,2021,1.0,20.0,3.0,35.0,42.0,16.0,51.0,0.0,0.0,6.0,0.0,1.0
CA-531,Nevada County CoC,401,238,163,2021,28.0,30.0,24.0,347.0,353.0,48.0,369.0,3.0,5.0,15.0,3.0,6.0
CA-600,Los Angeles City & County CoC,17225,17225,0,2021,665.0,4934.0,1752.0,10539.0,10553.0,6672.0,7901.0,8201.0,205.0,277.0,139.0,502.0
CA-601,San Diego City and County CoC,4143,4143,0,2021,393.0,845.0,379.0,2919.0,2759.0,1384.0,2691.0,1044.0,91.0,80.0,46.0,191.0
CA-602,Santa Ana Anaheim/Orange County CoC,2441,2441,0,2021,162.0,663.0,87.0,1691.0,1333.0,1108.0,1889.0,305.0,73.0,63.0,23.0,88.0
CA-603,Santa Maria/Santa Barbara County CoC,500,500,0,2021,30.0,68.0,20.0,412.0,267.0,233.0,407.0,48.0,4.0,16.0,3.0,22.0
CA-604,Bakersfield/Kern County CoC,2150,569,1581,2021,40.0,343.0,138.0,1669.0,1420.0,730.0,1532.0,474.0,8.0,40.0,9.0,87.0
CA-606,Long Beach CoC,603,603,0,2021,196.0,79.0,15.0,509.0,439.0,164.0,295.0,250.0,12.0,9.0,9.0,28.0
CA-607,Pasadena CoC,171,171,0,2021,3.0,32.0,11.0,128.0,109.0,62.0,89.0,59.0,3.0,7.0,6.0,7.0
CA-608,Riverside City & County CoC,998,998,0,2021,65.0,167.0,58.0,773.0,603.0,395.0,704.0,213.0,16.0,16.0,15.0,34.0
CA-609,San Bernardino City & County CoC,905,905,0,2021,54.0,229.0,81.0,595.0,558.0,347.0,518.0,274.0,10.0,15.0,12.0,76.0
CA-611,Oxnard San Buenaventura/Ventura County CoC,949,949,0,2021,90.0,184.0,34.0,731.0,537.0,412.0,772.0,45.0,8.0,13.0,2.0,109.0
CA-612,Glendale CoC,88,88,0,2021,0.0,33.0,1.0,54.0,44.0,44.0,58.0,28.0,2.0,0.0,0.0,0.0
CA-613,Imperial County CoC,140,140,0,2021,2.0,41.0,13.0,86.0,13.0,127.0,131.0,7.0,0.0,1.0,0.0,1.0
CA-614,San Luis Obispo County CoC,297,297,0,2021,28.0,56.0,20.0,221.0,210.0,87.0,252.0,19.0,1.0,10.0,8.0,7.0
CA-500,San Jose/Santa Clara City & County CoC,10028,2320,7708,2022,660.0,539.0,1190.0,8299.0,5304.0,4724.0,6008.0,1426.0,583.0,727.0,249.0,1035.0
CA-501,San Francisco CoC,7754,3357,4397,2022,605.0,423.0,1029.0,6302.0,5397.0,2357.0,3312.0,2957.0,427.0,336.0,227.0,495.0
CA-502,Oakland Berkeley/Alameda County CoC,9747,2612,7135,2022,550.0,583.0,804.0,8360.0,7352.0,2395.0,3765.0,4183.0,450.0,418.0,262.0,669.0
CA-503,Sacramento City & County CoC,9278,2614,6664,2022,625.0,778.0,636.0,7864.0,7431.0,1847.0,4311.0,2900.0,225.0,678.0,163.0,1001.0
CA-504,Santa Rosa Petaluma/Sonoma County CoC,2893,805,2088,2022,191.0,106.0,507.0,2280.0,2177.0,716.0,1934.0,231.0,39.0,273.0,45.0,371.0
CA-505,Richmond/Contra Costa County CoC,3093,764,2329,2022,130.0,106.0,228.0,2759.0,2353.0,740.0,1588.0,986.0,29.0,289.0,79.0,122.0
CA-506,Salinas/Monterey San Benito Counties CoC,2404,779,1625,2022,160.0,241.0,226.0,1937.0,1056.0,1348.0,1417.0,310.0,111.0,308.0,65.0,193.0
CA-507,Marin County CoC,1121,291,830,2022,65.0,139.0,140.0,842.0,861.0,260.0,729.0,245.0,25.0,47.0,19.0,56.0
CA-508,Watsonville/Santa Cruz City & County CoC,2299,525,1774,2022,332.0,92.0,237.0,1970.0,1402.0,897.0,1700.0,270.0,23.0,79.0,11.0,216.0
CA-509,Mendocino County CoC,830,270,560,2022,19.0,71.0,43.0,716.0,703.0,127.0,697.0,19.0,7.0,73.0,7.0,27.0
CA-510,Turlock Modesto/Stanislaus County CoC,1857,911,946,2022,108.0,183.0,92.0,1582.0,1226.0,631.0,1374.0,200.0,36.0,114.0,26.0,107.0
CA-511,Stockton/San Joaquin County CoC,2319,964,1355,2022,127.0,329.0,96.0,1894.0,1593.0,726.0,1463.0,519.0,66.0,49.0,26.0,196.0
CA-512,Daly/San Mateo County CoC,1808,716,1092,2022,85.0,216.0,72.0,1520.0,959.0,849.0,1099.0,348.0,105.0,94.0,63.0,99.0
CA-513,Visalia/Kings Tulare Counties CoC,1235,412,823,2022,67.0,87.0,70.0,1078.0,645.0,590.0,960.0,119.0,13.0,78.0,23.0,42.0
CA-514,Fresno City & County/Madera County CoC,4216,1878,2338,2022,205.0,464.0,129.0,3623.0,2163.0,2053.0,2544.0,605.0,130.0,305.0,35.0,597.0
CA-515,Roseville Rocklin/Placer County CoC,750,342,408,2022,42.0,59.0,43.0,648.0,640.0,110.0,615.0,61.0,14.0,19.0,6.0,35.0
CA-516,Redding/Shasta Siskiyou Lassen Plumas Del Norte Modoc Sierra Counties CoC,1837,741,1096,2022,130.0,218.0,97.0,1522.0,1665.0,172.0,1434.0,51.0,10.0,208.0,13.0,121.0
CA-517,Napa City & County CoC,495,129,366,2022,20.0,17.0,29.0,449.0,366.0,129.0,415.0,33.0,1.0,26.0,4.0,16.0
CA-518,Vallejo/Solano County CoC,1179,259,920,2022,34.0,65.0,67.0,1047.0,960.0,219.0,604.0,392.0,13.0,20.0,59.0,91.0
CA-519,Chico Paradise/Butte County CoC,1006,418,588,2022,53.0,95.0,44.0,867.0,831.0,175.0,795.0,34.0,19.0,58.0,8.0,92.0
CA-520,Merced City & County CoC,855,487,368,2022,29.0,152.0,63.0,640.0,486.0,369.0,524.0,121.0,27.0,50.0,1.0,132.0
CA-521,Davis Woodland/Yolo County CoC,746,368,378,2022,22.0,91.0,47.0,608.0,528.0,218.0,493.0,136.0,16.0,71.0,14.0,16.0
CA-522,Humboldt County CoC,1648,339,1309,2022,202.0,47.0,61.0,1540.0,1523.0,125.0,1326.0,55.0,2.0,140.0,16.0,109.0
CA-523,Colusa Glenn Trinity Counties CoC,340,144,196,2022,17.0,107.0,16.0,217.0,267.0,73.0,292.0,5.0,1.0,7.0,2.0,33.0
CA-524,Yuba City & County/Sutter County CoC,1094,255,839,2022,49.0,276.0,64.0,754.0,893.0,201.0,684.0,110.0,9.0,53.0,3.0,235.0
CA-525,El Dorado County CoC,511,73,438,2022,6.0,14.0,84.0,413.0,468.0,43.0,455.0,16.0,12.0,13.0,5.0,10.0
CA-526,Amador Calaveras Mariposa Tuolumne Counties CoC,625,131,494,2022,48.0,49.0,28.0,548.0,556.0,69.0,539.0,4.0,0.0,40.0,1.0,41.0
CA-527,Tehama County CoC,291,73,218,2022,10.0,40.0,14.0,237.0,243.0,48.0,262.0,2.0,3.0,21.0,1.0,2.0
CA-529,Lake County CoC,339,80,259,2022,16.0,27.0,25.0,287.0,295.0,44.0,194.0,8.0,1.0,128.0,0.0,8.0
CA-530,Alpine Inyo Mono Counties CoC,140,45,95,2022,9.0,31.0,7.0,102.0,111.0,29.0,130.0,3.0,2.0,5.0,0.0,0.0
CA-531,Nevada County CoC,527,284,243,2022,32.0,60.0,25.0,442.0,476.0,51.0,475.0,6.0,2.0,15.0,1.0,28.0
CA-600,Los Angeles City & County CoC,65111,19233,45878,2022,3456.0,6346.0,2786.0,55979.0,36171.0,28940.0,29095.0,29814.0,992.0,1461.0,650.0,3099.0
CA-601,San Diego City and County CoC,8427,4321,4106,2022,686.0,1175.0,667.0,6585.0,5587.0,2840.0,5531.0,2066.0,167.0,261.0,156.0,246.0
CA-602,Santa Ana Anaheim/Orange County CoC,5718,2661,3057,2022,280.0,722.0,235.0,4761.0,3466.0,2252.0,4056.0,483.0,195.0,211.0,57.0,716.0
CA-603,Santa Maria/Santa Barbara County CoC,1962,595,1367,2022,117.0,135.0,75.0,1752.0,1212.0,750.0,1634.0,150.0,21.0,64.0,10.0,83.0
CA-604,Bakersfield/Kern County CoC,1603,875,728,2022,94.0,167.0,99.0,1337.0,941.0,662.0,1139.0,318.0,12.0,39.0,14.0,81.0
CA-606,Long Beach CoC,3296,1009,2287,2022,451.0,68.0,137.0,3091.0,2367.0,929.0,1778.0,1124.0,66.0,77.0,50.0,201.0
CA-607,Pasadena CoC,512,232,280,2022,28.0,43.0,32.0,437.0,289.0,223.0,280.0,190.0,8.0,18.0,2.0,14.0
CA-608,Riverside City & County CoC,3316,1336,1980,2022,195.0,257.0,312.0,2747.0,2147.0,1169.0,2239.0,632.0,36.0,110.0,27.0,272.0
CA-609,San Bernardino City & County CoC,3333,944,2389,2022,196.0,270.0,150.0,2913.0,1978.0,1355.0,1954.0,747.0,42.0,108.0,21.0,461.0
CA-611,Oxnard San Buenaventura/Ventura County CoC,2248,892,1356,2022,120.0,155.0,86.0,2007.0,1168.0,1080.0,1778.0,129.0,31.0,32.0,40.0,238.0
CA-612,Glendale CoC,225,122,103,2022,7.0,45.0,5.0,175.0,137.0,88.0,170.0,35.0,12.0,4.0,1.0,3.0
CA-613,Imperial County CoC,1057,132,925,2022,101.0,96.0,29.0,932.0,611.0,446.0,929.0,17.0,8.0,10.0,14.0,79.0
CA-614,San Luis Obispo County CoC,1448,292,1156,2022,16.0,255.0,70.0,1123.0,961.0,487.0,1222.0,50.0,12.0,73.0,16.0,75.0
